item,clause_type,locality,grammatical,counterbalance,mismatch_position,mismatch_feature,nonlocal_subj,local_sub,verb,pronoun,sentence,sentence_no_eos
1,embed,nonlocal,1,a,none,none,boy,father,saw,him,The boy said that the father saw him . <eos>,The boy said that the father saw him .
1,embed,nonlocal,1,b,none,none,father,boy,saw,him,The father said that the boy saw him . <eos>,The father said that the boy saw him .
1,embed,local,0,a,nonlocal_subj,number,boys,father,saw,him,The boys said that the father saw him . <eos>,The boys said that the father saw him .
1,embed,local,0,b,nonlocal_subj,number,fathers,boy,saw,him,The fathers said that the boy saw him . <eos>,The fathers said that the boy saw him .
1,embed,nonlocal,1,a,local_subj,number,boy,fathers,saw,him,The boy said that the fathers saw him . <eos>,The boy said that the fathers saw him .
1,embed,nonlocal,1,b,local_subj,number,father,boys,saw,him,The father said that the boys saw him . <eos>,The father said that the boys saw him .
2,embed,nonlocal,1,a,none,none,boy,father,established,him,The boy said that the father established him . <eos>,The boy said that the father established him .
2,embed,nonlocal,1,b,none,none,father,boy,established,him,The father said that the boy established him . <eos>,The father said that the boy established him .
2,embed,local,0,a,nonlocal_subj,number,boys,father,established,him,The boys said that the father established him . <eos>,The boys said that the father established him .
2,embed,local,0,b,nonlocal_subj,number,fathers,boy,established,him,The fathers said that the boy established him . <eos>,The fathers said that the boy established him .
2,embed,nonlocal,1,a,local_subj,number,boy,fathers,established,him,The boy said that the fathers established him . <eos>,The boy said that the fathers established him .
2,embed,nonlocal,1,b,local_subj,number,father,boys,established,him,The father said that the boys established him . <eos>,The father said that the boys established him .
3,embed,nonlocal,1,a,none,none,boy,father,devoted,him,The boy said that the father devoted him . <eos>,The boy said that the father devoted him .
3,embed,nonlocal,1,b,none,none,father,boy,devoted,him,The father said that the boy devoted him . <eos>,The father said that the boy devoted him .
3,embed,local,0,a,nonlocal_subj,number,boys,father,devoted,him,The boys said that the father devoted him . <eos>,The boys said that the father devoted him .
3,embed,local,0,b,nonlocal_subj,number,fathers,boy,devoted,him,The fathers said that the boy devoted him . <eos>,The fathers said that the boy devoted him .
3,embed,nonlocal,1,a,local_subj,number,boy,fathers,devoted,him,The boy said that the fathers devoted him . <eos>,The boy said that the fathers devoted him .
3,embed,nonlocal,1,b,local_subj,number,father,boys,devoted,him,The father said that the boys devoted him . <eos>,The father said that the boys devoted him .
4,embed,nonlocal,1,a,none,none,boy,father,considered,him,The boy said that the father considered him . <eos>,The boy said that the father considered him .
4,embed,nonlocal,1,b,none,none,father,boy,considered,him,The father said that the boy considered him . <eos>,The father said that the boy considered him .
4,embed,local,0,a,nonlocal_subj,number,boys,father,considered,him,The boys said that the father considered him . <eos>,The boys said that the father considered him .
4,embed,local,0,b,nonlocal_subj,number,fathers,boy,considered,him,The fathers said that the boy considered him . <eos>,The fathers said that the boy considered him .
4,embed,nonlocal,1,a,local_subj,number,boy,fathers,considered,him,The boy said that the fathers considered him . <eos>,The boy said that the fathers considered him .
4,embed,nonlocal,1,b,local_subj,number,father,boys,considered,him,The father said that the boys considered him . <eos>,The father said that the boys considered him .
5,embed,nonlocal,1,a,none,none,boy,father,identified,him,The boy said that the father identified him . <eos>,The boy said that the father identified him .
5,embed,nonlocal,1,b,none,none,father,boy,identified,him,The father said that the boy identified him . <eos>,The father said that the boy identified him .
5,embed,local,0,a,nonlocal_subj,number,boys,father,identified,him,The boys said that the father identified him . <eos>,The boys said that the father identified him .
5,embed,local,0,b,nonlocal_subj,number,fathers,boy,identified,him,The fathers said that the boy identified him . <eos>,The fathers said that the boy identified him .
5,embed,nonlocal,1,a,local_subj,number,boy,fathers,identified,him,The boy said that the fathers identified him . <eos>,The boy said that the fathers identified him .
5,embed,nonlocal,1,b,local_subj,number,father,boys,identified,him,The father said that the boys identified him . <eos>,The father said that the boys identified him .
6,embed,nonlocal,1,a,none,none,boy,father,made,him,The boy said that the father made him . <eos>,The boy said that the father made him .
6,embed,nonlocal,1,b,none,none,father,boy,made,him,The father said that the boy made him . <eos>,The father said that the boy made him .
6,embed,local,0,a,nonlocal_subj,number,boys,father,made,him,The boys said that the father made him . <eos>,The boys said that the father made him .
6,embed,local,0,b,nonlocal_subj,number,fathers,boy,made,him,The fathers said that the boy made him . <eos>,The fathers said that the boy made him .
6,embed,nonlocal,1,a,local_subj,number,boy,fathers,made,him,The boy said that the fathers made him . <eos>,The boy said that the fathers made him .
6,embed,nonlocal,1,b,local_subj,number,father,boys,made,him,The father said that the boys made him . <eos>,The father said that the boys made him .
7,embed,nonlocal,1,a,none,none,boy,father,found,him,The boy said that the father found him . <eos>,The boy said that the father found him .
7,embed,nonlocal,1,b,none,none,father,boy,found,him,The father said that the boy found him . <eos>,The father said that the boy found him .
7,embed,local,0,a,nonlocal_subj,number,boys,father,found,him,The boys said that the father found him . <eos>,The boys said that the father found him .
7,embed,local,0,b,nonlocal_subj,number,fathers,boy,found,him,The fathers said that the boy found him . <eos>,The fathers said that the boy found him .
7,embed,nonlocal,1,a,local_subj,number,boy,fathers,found,him,The boy said that the fathers found him . <eos>,The boy said that the fathers found him .
7,embed,nonlocal,1,b,local_subj,number,father,boys,found,him,The father said that the boys found him . <eos>,The father said that the boys found him .
8,embed,nonlocal,1,a,none,none,boy,father,distinguished,him,The boy said that the father distinguished him . <eos>,The boy said that the father distinguished him .
8,embed,nonlocal,1,b,none,none,father,boy,distinguished,him,The father said that the boy distinguished him . <eos>,The father said that the boy distinguished him .
8,embed,local,0,a,nonlocal_subj,number,boys,father,distinguished,him,The boys said that the father distinguished him . <eos>,The boys said that the father distinguished him .
8,embed,local,0,b,nonlocal_subj,number,fathers,boy,distinguished,him,The fathers said that the boy distinguished him . <eos>,The fathers said that the boy distinguished him .
8,embed,nonlocal,1,a,local_subj,number,boy,fathers,distinguished,him,The boy said that the fathers distinguished him . <eos>,The boy said that the fathers distinguished him .
8,embed,nonlocal,1,b,local_subj,number,father,boys,distinguished,him,The father said that the boys distinguished him . <eos>,The father said that the boys distinguished him .
9,embed,nonlocal,1,a,none,none,boy,father,taught,him,The boy said that the father taught him . <eos>,The boy said that the father taught him .
9,embed,nonlocal,1,b,none,none,father,boy,taught,him,The father said that the boy taught him . <eos>,The father said that the boy taught him .
9,embed,local,0,a,nonlocal_subj,number,boys,father,taught,him,The boys said that the father taught him . <eos>,The boys said that the father taught him .
9,embed,local,0,b,nonlocal_subj,number,fathers,boy,taught,him,The fathers said that the boy taught him . <eos>,The fathers said that the boy taught him .
9,embed,nonlocal,1,a,local_subj,number,boy,fathers,taught,him,The boy said that the fathers taught him . <eos>,The boy said that the fathers taught him .
9,embed,nonlocal,1,b,local_subj,number,father,boys,taught,him,The father said that the boys taught him . <eos>,The father said that the boys taught him .
10,embed,nonlocal,1,a,none,none,boy,father,killed,him,The boy said that the father killed him . <eos>,The boy said that the father killed him .
10,embed,nonlocal,1,b,none,none,father,boy,killed,him,The father said that the boy killed him . <eos>,The father said that the boy killed him .
10,embed,local,0,a,nonlocal_subj,number,boys,father,killed,him,The boys said that the father killed him . <eos>,The boys said that the father killed him .
10,embed,local,0,b,nonlocal_subj,number,fathers,boy,killed,him,The fathers said that the boy killed him . <eos>,The fathers said that the boy killed him .
10,embed,nonlocal,1,a,local_subj,number,boy,fathers,killed,him,The boy said that the fathers killed him . <eos>,The boy said that the fathers killed him .
10,embed,nonlocal,1,b,local_subj,number,father,boys,killed,him,The father said that the boys killed him . <eos>,The father said that the boys killed him .
11,embed,nonlocal,1,a,none,none,boy,father,called,him,The boy said that the father called him . <eos>,The boy said that the father called him .
11,embed,nonlocal,1,b,none,none,father,boy,called,him,The father said that the boy called him . <eos>,The father said that the boy called him .
11,embed,local,0,a,nonlocal_subj,number,boys,father,called,him,The boys said that the father called him . <eos>,The boys said that the father called him .
11,embed,local,0,b,nonlocal_subj,number,fathers,boy,called,him,The fathers said that the boy called him . <eos>,The fathers said that the boy called him .
11,embed,nonlocal,1,a,local_subj,number,boy,fathers,called,him,The boy said that the fathers called him . <eos>,The boy said that the fathers called him .
11,embed,nonlocal,1,b,local_subj,number,father,boys,called,him,The father said that the boys called him . <eos>,The father said that the boys called him .
12,embed,nonlocal,1,a,none,none,boy,father,dedicated,him,The boy said that the father dedicated him . <eos>,The boy said that the father dedicated him .
12,embed,nonlocal,1,b,none,none,father,boy,dedicated,him,The father said that the boy dedicated him . <eos>,The father said that the boy dedicated him .
12,embed,local,0,a,nonlocal_subj,number,boys,father,dedicated,him,The boys said that the father dedicated him . <eos>,The boys said that the father dedicated him .
12,embed,local,0,b,nonlocal_subj,number,fathers,boy,dedicated,him,The fathers said that the boy dedicated him . <eos>,The fathers said that the boy dedicated him .
12,embed,nonlocal,1,a,local_subj,number,boy,fathers,dedicated,him,The boy said that the fathers dedicated him . <eos>,The boy said that the fathers dedicated him .
12,embed,nonlocal,1,b,local_subj,number,father,boys,dedicated,him,The father said that the boys dedicated him . <eos>,The father said that the boys dedicated him .
13,embed,nonlocal,1,a,none,none,boy,father,declared,him,The boy said that the father declared him . <eos>,The boy said that the father declared him .
13,embed,nonlocal,1,b,none,none,father,boy,declared,him,The father said that the boy declared him . <eos>,The father said that the boy declared him .
13,embed,local,0,a,nonlocal_subj,number,boys,father,declared,him,The boys said that the father declared him . <eos>,The boys said that the father declared him .
13,embed,local,0,b,nonlocal_subj,number,fathers,boy,declared,him,The fathers said that the boy declared him . <eos>,The fathers said that the boy declared him .
13,embed,nonlocal,1,a,local_subj,number,boy,fathers,declared,him,The boy said that the fathers declared him . <eos>,The boy said that the fathers declared him .
13,embed,nonlocal,1,b,local_subj,number,father,boys,declared,him,The father said that the boys declared him . <eos>,The father said that the boys declared him .
14,embed,nonlocal,1,a,none,none,boy,father,proved,him,The boy said that the father proved him . <eos>,The boy said that the father proved him .
14,embed,nonlocal,1,b,none,none,father,boy,proved,him,The father said that the boy proved him . <eos>,The father said that the boy proved him .
14,embed,local,0,a,nonlocal_subj,number,boys,father,proved,him,The boys said that the father proved him . <eos>,The boys said that the father proved him .
14,embed,local,0,b,nonlocal_subj,number,fathers,boy,proved,him,The fathers said that the boy proved him . <eos>,The fathers said that the boy proved him .
14,embed,nonlocal,1,a,local_subj,number,boy,fathers,proved,him,The boy said that the fathers proved him . <eos>,The boy said that the fathers proved him .
14,embed,nonlocal,1,b,local_subj,number,father,boys,proved,him,The father said that the boys proved him . <eos>,The father said that the boys proved him .
15,embed,nonlocal,1,a,none,none,boy,father,shot,him,The boy said that the father shot him . <eos>,The boy said that the father shot him .
15,embed,nonlocal,1,b,none,none,father,boy,shot,him,The father said that the boy shot him . <eos>,The father said that the boy shot him .
15,embed,local,0,a,nonlocal_subj,number,boys,father,shot,him,The boys said that the father shot him . <eos>,The boys said that the father shot him .
15,embed,local,0,b,nonlocal_subj,number,fathers,boy,shot,him,The fathers said that the boy shot him . <eos>,The fathers said that the boy shot him .
15,embed,nonlocal,1,a,local_subj,number,boy,fathers,shot,him,The boy said that the fathers shot him . <eos>,The boy said that the fathers shot him .
15,embed,nonlocal,1,b,local_subj,number,father,boys,shot,him,The father said that the boys shot him . <eos>,The father said that the boys shot him .
16,embed,nonlocal,1,a,none,none,boy,son,saw,him,The boy said that the son saw him . <eos>,The boy said that the son saw him .
16,embed,nonlocal,1,b,none,none,son,boy,saw,him,The son said that the boy saw him . <eos>,The son said that the boy saw him .
16,embed,local,0,a,nonlocal_subj,number,boys,son,saw,him,The boys said that the son saw him . <eos>,The boys said that the son saw him .
16,embed,local,0,b,nonlocal_subj,number,sons,boy,saw,him,The sons said that the boy saw him . <eos>,The sons said that the boy saw him .
16,embed,nonlocal,1,a,local_subj,number,boy,sons,saw,him,The boy said that the sons saw him . <eos>,The boy said that the sons saw him .
16,embed,nonlocal,1,b,local_subj,number,son,boys,saw,him,The son said that the boys saw him . <eos>,The son said that the boys saw him .
17,embed,nonlocal,1,a,none,none,boy,son,established,him,The boy said that the son established him . <eos>,The boy said that the son established him .
17,embed,nonlocal,1,b,none,none,son,boy,established,him,The son said that the boy established him . <eos>,The son said that the boy established him .
17,embed,local,0,a,nonlocal_subj,number,boys,son,established,him,The boys said that the son established him . <eos>,The boys said that the son established him .
17,embed,local,0,b,nonlocal_subj,number,sons,boy,established,him,The sons said that the boy established him . <eos>,The sons said that the boy established him .
17,embed,nonlocal,1,a,local_subj,number,boy,sons,established,him,The boy said that the sons established him . <eos>,The boy said that the sons established him .
17,embed,nonlocal,1,b,local_subj,number,son,boys,established,him,The son said that the boys established him . <eos>,The son said that the boys established him .
18,embed,nonlocal,1,a,none,none,boy,son,devoted,him,The boy said that the son devoted him . <eos>,The boy said that the son devoted him .
18,embed,nonlocal,1,b,none,none,son,boy,devoted,him,The son said that the boy devoted him . <eos>,The son said that the boy devoted him .
18,embed,local,0,a,nonlocal_subj,number,boys,son,devoted,him,The boys said that the son devoted him . <eos>,The boys said that the son devoted him .
18,embed,local,0,b,nonlocal_subj,number,sons,boy,devoted,him,The sons said that the boy devoted him . <eos>,The sons said that the boy devoted him .
18,embed,nonlocal,1,a,local_subj,number,boy,sons,devoted,him,The boy said that the sons devoted him . <eos>,The boy said that the sons devoted him .
18,embed,nonlocal,1,b,local_subj,number,son,boys,devoted,him,The son said that the boys devoted him . <eos>,The son said that the boys devoted him .
19,embed,nonlocal,1,a,none,none,boy,son,considered,him,The boy said that the son considered him . <eos>,The boy said that the son considered him .
19,embed,nonlocal,1,b,none,none,son,boy,considered,him,The son said that the boy considered him . <eos>,The son said that the boy considered him .
19,embed,local,0,a,nonlocal_subj,number,boys,son,considered,him,The boys said that the son considered him . <eos>,The boys said that the son considered him .
19,embed,local,0,b,nonlocal_subj,number,sons,boy,considered,him,The sons said that the boy considered him . <eos>,The sons said that the boy considered him .
19,embed,nonlocal,1,a,local_subj,number,boy,sons,considered,him,The boy said that the sons considered him . <eos>,The boy said that the sons considered him .
19,embed,nonlocal,1,b,local_subj,number,son,boys,considered,him,The son said that the boys considered him . <eos>,The son said that the boys considered him .
20,embed,nonlocal,1,a,none,none,boy,son,identified,him,The boy said that the son identified him . <eos>,The boy said that the son identified him .
20,embed,nonlocal,1,b,none,none,son,boy,identified,him,The son said that the boy identified him . <eos>,The son said that the boy identified him .
20,embed,local,0,a,nonlocal_subj,number,boys,son,identified,him,The boys said that the son identified him . <eos>,The boys said that the son identified him .
20,embed,local,0,b,nonlocal_subj,number,sons,boy,identified,him,The sons said that the boy identified him . <eos>,The sons said that the boy identified him .
20,embed,nonlocal,1,a,local_subj,number,boy,sons,identified,him,The boy said that the sons identified him . <eos>,The boy said that the sons identified him .
20,embed,nonlocal,1,b,local_subj,number,son,boys,identified,him,The son said that the boys identified him . <eos>,The son said that the boys identified him .
21,embed,nonlocal,1,a,none,none,boy,son,made,him,The boy said that the son made him . <eos>,The boy said that the son made him .
21,embed,nonlocal,1,b,none,none,son,boy,made,him,The son said that the boy made him . <eos>,The son said that the boy made him .
21,embed,local,0,a,nonlocal_subj,number,boys,son,made,him,The boys said that the son made him . <eos>,The boys said that the son made him .
21,embed,local,0,b,nonlocal_subj,number,sons,boy,made,him,The sons said that the boy made him . <eos>,The sons said that the boy made him .
21,embed,nonlocal,1,a,local_subj,number,boy,sons,made,him,The boy said that the sons made him . <eos>,The boy said that the sons made him .
21,embed,nonlocal,1,b,local_subj,number,son,boys,made,him,The son said that the boys made him . <eos>,The son said that the boys made him .
22,embed,nonlocal,1,a,none,none,boy,son,found,him,The boy said that the son found him . <eos>,The boy said that the son found him .
22,embed,nonlocal,1,b,none,none,son,boy,found,him,The son said that the boy found him . <eos>,The son said that the boy found him .
22,embed,local,0,a,nonlocal_subj,number,boys,son,found,him,The boys said that the son found him . <eos>,The boys said that the son found him .
22,embed,local,0,b,nonlocal_subj,number,sons,boy,found,him,The sons said that the boy found him . <eos>,The sons said that the boy found him .
22,embed,nonlocal,1,a,local_subj,number,boy,sons,found,him,The boy said that the sons found him . <eos>,The boy said that the sons found him .
22,embed,nonlocal,1,b,local_subj,number,son,boys,found,him,The son said that the boys found him . <eos>,The son said that the boys found him .
23,embed,nonlocal,1,a,none,none,boy,son,distinguished,him,The boy said that the son distinguished him . <eos>,The boy said that the son distinguished him .
23,embed,nonlocal,1,b,none,none,son,boy,distinguished,him,The son said that the boy distinguished him . <eos>,The son said that the boy distinguished him .
23,embed,local,0,a,nonlocal_subj,number,boys,son,distinguished,him,The boys said that the son distinguished him . <eos>,The boys said that the son distinguished him .
23,embed,local,0,b,nonlocal_subj,number,sons,boy,distinguished,him,The sons said that the boy distinguished him . <eos>,The sons said that the boy distinguished him .
23,embed,nonlocal,1,a,local_subj,number,boy,sons,distinguished,him,The boy said that the sons distinguished him . <eos>,The boy said that the sons distinguished him .
23,embed,nonlocal,1,b,local_subj,number,son,boys,distinguished,him,The son said that the boys distinguished him . <eos>,The son said that the boys distinguished him .
24,embed,nonlocal,1,a,none,none,boy,son,taught,him,The boy said that the son taught him . <eos>,The boy said that the son taught him .
24,embed,nonlocal,1,b,none,none,son,boy,taught,him,The son said that the boy taught him . <eos>,The son said that the boy taught him .
24,embed,local,0,a,nonlocal_subj,number,boys,son,taught,him,The boys said that the son taught him . <eos>,The boys said that the son taught him .
24,embed,local,0,b,nonlocal_subj,number,sons,boy,taught,him,The sons said that the boy taught him . <eos>,The sons said that the boy taught him .
24,embed,nonlocal,1,a,local_subj,number,boy,sons,taught,him,The boy said that the sons taught him . <eos>,The boy said that the sons taught him .
24,embed,nonlocal,1,b,local_subj,number,son,boys,taught,him,The son said that the boys taught him . <eos>,The son said that the boys taught him .
25,embed,nonlocal,1,a,none,none,boy,son,killed,him,The boy said that the son killed him . <eos>,The boy said that the son killed him .
25,embed,nonlocal,1,b,none,none,son,boy,killed,him,The son said that the boy killed him . <eos>,The son said that the boy killed him .
25,embed,local,0,a,nonlocal_subj,number,boys,son,killed,him,The boys said that the son killed him . <eos>,The boys said that the son killed him .
25,embed,local,0,b,nonlocal_subj,number,sons,boy,killed,him,The sons said that the boy killed him . <eos>,The sons said that the boy killed him .
25,embed,nonlocal,1,a,local_subj,number,boy,sons,killed,him,The boy said that the sons killed him . <eos>,The boy said that the sons killed him .
25,embed,nonlocal,1,b,local_subj,number,son,boys,killed,him,The son said that the boys killed him . <eos>,The son said that the boys killed him .
26,embed,nonlocal,1,a,none,none,boy,son,called,him,The boy said that the son called him . <eos>,The boy said that the son called him .
26,embed,nonlocal,1,b,none,none,son,boy,called,him,The son said that the boy called him . <eos>,The son said that the boy called him .
26,embed,local,0,a,nonlocal_subj,number,boys,son,called,him,The boys said that the son called him . <eos>,The boys said that the son called him .
26,embed,local,0,b,nonlocal_subj,number,sons,boy,called,him,The sons said that the boy called him . <eos>,The sons said that the boy called him .
26,embed,nonlocal,1,a,local_subj,number,boy,sons,called,him,The boy said that the sons called him . <eos>,The boy said that the sons called him .
26,embed,nonlocal,1,b,local_subj,number,son,boys,called,him,The son said that the boys called him . <eos>,The son said that the boys called him .
27,embed,nonlocal,1,a,none,none,boy,son,dedicated,him,The boy said that the son dedicated him . <eos>,The boy said that the son dedicated him .
27,embed,nonlocal,1,b,none,none,son,boy,dedicated,him,The son said that the boy dedicated him . <eos>,The son said that the boy dedicated him .
27,embed,local,0,a,nonlocal_subj,number,boys,son,dedicated,him,The boys said that the son dedicated him . <eos>,The boys said that the son dedicated him .
27,embed,local,0,b,nonlocal_subj,number,sons,boy,dedicated,him,The sons said that the boy dedicated him . <eos>,The sons said that the boy dedicated him .
27,embed,nonlocal,1,a,local_subj,number,boy,sons,dedicated,him,The boy said that the sons dedicated him . <eos>,The boy said that the sons dedicated him .
27,embed,nonlocal,1,b,local_subj,number,son,boys,dedicated,him,The son said that the boys dedicated him . <eos>,The son said that the boys dedicated him .
28,embed,nonlocal,1,a,none,none,boy,son,declared,him,The boy said that the son declared him . <eos>,The boy said that the son declared him .
28,embed,nonlocal,1,b,none,none,son,boy,declared,him,The son said that the boy declared him . <eos>,The son said that the boy declared him .
28,embed,local,0,a,nonlocal_subj,number,boys,son,declared,him,The boys said that the son declared him . <eos>,The boys said that the son declared him .
28,embed,local,0,b,nonlocal_subj,number,sons,boy,declared,him,The sons said that the boy declared him . <eos>,The sons said that the boy declared him .
28,embed,nonlocal,1,a,local_subj,number,boy,sons,declared,him,The boy said that the sons declared him . <eos>,The boy said that the sons declared him .
28,embed,nonlocal,1,b,local_subj,number,son,boys,declared,him,The son said that the boys declared him . <eos>,The son said that the boys declared him .
29,embed,nonlocal,1,a,none,none,boy,son,proved,him,The boy said that the son proved him . <eos>,The boy said that the son proved him .
29,embed,nonlocal,1,b,none,none,son,boy,proved,him,The son said that the boy proved him . <eos>,The son said that the boy proved him .
29,embed,local,0,a,nonlocal_subj,number,boys,son,proved,him,The boys said that the son proved him . <eos>,The boys said that the son proved him .
29,embed,local,0,b,nonlocal_subj,number,sons,boy,proved,him,The sons said that the boy proved him . <eos>,The sons said that the boy proved him .
29,embed,nonlocal,1,a,local_subj,number,boy,sons,proved,him,The boy said that the sons proved him . <eos>,The boy said that the sons proved him .
29,embed,nonlocal,1,b,local_subj,number,son,boys,proved,him,The son said that the boys proved him . <eos>,The son said that the boys proved him .
30,embed,nonlocal,1,a,none,none,boy,son,shot,him,The boy said that the son shot him . <eos>,The boy said that the son shot him .
30,embed,nonlocal,1,b,none,none,son,boy,shot,him,The son said that the boy shot him . <eos>,The son said that the boy shot him .
30,embed,local,0,a,nonlocal_subj,number,boys,son,shot,him,The boys said that the son shot him . <eos>,The boys said that the son shot him .
30,embed,local,0,b,nonlocal_subj,number,sons,boy,shot,him,The sons said that the boy shot him . <eos>,The sons said that the boy shot him .
30,embed,nonlocal,1,a,local_subj,number,boy,sons,shot,him,The boy said that the sons shot him . <eos>,The boy said that the sons shot him .
30,embed,nonlocal,1,b,local_subj,number,son,boys,shot,him,The son said that the boys shot him . <eos>,The son said that the boys shot him .
31,embed,nonlocal,1,a,none,none,boy,man,saw,him,The boy said that the man saw him . <eos>,The boy said that the man saw him .
31,embed,nonlocal,1,b,none,none,man,boy,saw,him,The man said that the boy saw him . <eos>,The man said that the boy saw him .
31,embed,local,0,a,nonlocal_subj,number,boys,man,saw,him,The boys said that the man saw him . <eos>,The boys said that the man saw him .
31,embed,local,0,b,nonlocal_subj,number,men,boy,saw,him,The men said that the boy saw him . <eos>,The men said that the boy saw him .
31,embed,nonlocal,1,a,local_subj,number,boy,men,saw,him,The boy said that the men saw him . <eos>,The boy said that the men saw him .
31,embed,nonlocal,1,b,local_subj,number,man,boys,saw,him,The man said that the boys saw him . <eos>,The man said that the boys saw him .
32,embed,nonlocal,1,a,none,none,boy,man,established,him,The boy said that the man established him . <eos>,The boy said that the man established him .
32,embed,nonlocal,1,b,none,none,man,boy,established,him,The man said that the boy established him . <eos>,The man said that the boy established him .
32,embed,local,0,a,nonlocal_subj,number,boys,man,established,him,The boys said that the man established him . <eos>,The boys said that the man established him .
32,embed,local,0,b,nonlocal_subj,number,men,boy,established,him,The men said that the boy established him . <eos>,The men said that the boy established him .
32,embed,nonlocal,1,a,local_subj,number,boy,men,established,him,The boy said that the men established him . <eos>,The boy said that the men established him .
32,embed,nonlocal,1,b,local_subj,number,man,boys,established,him,The man said that the boys established him . <eos>,The man said that the boys established him .
33,embed,nonlocal,1,a,none,none,boy,man,devoted,him,The boy said that the man devoted him . <eos>,The boy said that the man devoted him .
33,embed,nonlocal,1,b,none,none,man,boy,devoted,him,The man said that the boy devoted him . <eos>,The man said that the boy devoted him .
33,embed,local,0,a,nonlocal_subj,number,boys,man,devoted,him,The boys said that the man devoted him . <eos>,The boys said that the man devoted him .
33,embed,local,0,b,nonlocal_subj,number,men,boy,devoted,him,The men said that the boy devoted him . <eos>,The men said that the boy devoted him .
33,embed,nonlocal,1,a,local_subj,number,boy,men,devoted,him,The boy said that the men devoted him . <eos>,The boy said that the men devoted him .
33,embed,nonlocal,1,b,local_subj,number,man,boys,devoted,him,The man said that the boys devoted him . <eos>,The man said that the boys devoted him .
34,embed,nonlocal,1,a,none,none,boy,man,considered,him,The boy said that the man considered him . <eos>,The boy said that the man considered him .
34,embed,nonlocal,1,b,none,none,man,boy,considered,him,The man said that the boy considered him . <eos>,The man said that the boy considered him .
34,embed,local,0,a,nonlocal_subj,number,boys,man,considered,him,The boys said that the man considered him . <eos>,The boys said that the man considered him .
34,embed,local,0,b,nonlocal_subj,number,men,boy,considered,him,The men said that the boy considered him . <eos>,The men said that the boy considered him .
34,embed,nonlocal,1,a,local_subj,number,boy,men,considered,him,The boy said that the men considered him . <eos>,The boy said that the men considered him .
34,embed,nonlocal,1,b,local_subj,number,man,boys,considered,him,The man said that the boys considered him . <eos>,The man said that the boys considered him .
35,embed,nonlocal,1,a,none,none,boy,man,identified,him,The boy said that the man identified him . <eos>,The boy said that the man identified him .
35,embed,nonlocal,1,b,none,none,man,boy,identified,him,The man said that the boy identified him . <eos>,The man said that the boy identified him .
35,embed,local,0,a,nonlocal_subj,number,boys,man,identified,him,The boys said that the man identified him . <eos>,The boys said that the man identified him .
35,embed,local,0,b,nonlocal_subj,number,men,boy,identified,him,The men said that the boy identified him . <eos>,The men said that the boy identified him .
35,embed,nonlocal,1,a,local_subj,number,boy,men,identified,him,The boy said that the men identified him . <eos>,The boy said that the men identified him .
35,embed,nonlocal,1,b,local_subj,number,man,boys,identified,him,The man said that the boys identified him . <eos>,The man said that the boys identified him .
36,embed,nonlocal,1,a,none,none,boy,man,made,him,The boy said that the man made him . <eos>,The boy said that the man made him .
36,embed,nonlocal,1,b,none,none,man,boy,made,him,The man said that the boy made him . <eos>,The man said that the boy made him .
36,embed,local,0,a,nonlocal_subj,number,boys,man,made,him,The boys said that the man made him . <eos>,The boys said that the man made him .
36,embed,local,0,b,nonlocal_subj,number,men,boy,made,him,The men said that the boy made him . <eos>,The men said that the boy made him .
36,embed,nonlocal,1,a,local_subj,number,boy,men,made,him,The boy said that the men made him . <eos>,The boy said that the men made him .
36,embed,nonlocal,1,b,local_subj,number,man,boys,made,him,The man said that the boys made him . <eos>,The man said that the boys made him .
37,embed,nonlocal,1,a,none,none,boy,man,found,him,The boy said that the man found him . <eos>,The boy said that the man found him .
37,embed,nonlocal,1,b,none,none,man,boy,found,him,The man said that the boy found him . <eos>,The man said that the boy found him .
37,embed,local,0,a,nonlocal_subj,number,boys,man,found,him,The boys said that the man found him . <eos>,The boys said that the man found him .
37,embed,local,0,b,nonlocal_subj,number,men,boy,found,him,The men said that the boy found him . <eos>,The men said that the boy found him .
37,embed,nonlocal,1,a,local_subj,number,boy,men,found,him,The boy said that the men found him . <eos>,The boy said that the men found him .
37,embed,nonlocal,1,b,local_subj,number,man,boys,found,him,The man said that the boys found him . <eos>,The man said that the boys found him .
38,embed,nonlocal,1,a,none,none,boy,man,distinguished,him,The boy said that the man distinguished him . <eos>,The boy said that the man distinguished him .
38,embed,nonlocal,1,b,none,none,man,boy,distinguished,him,The man said that the boy distinguished him . <eos>,The man said that the boy distinguished him .
38,embed,local,0,a,nonlocal_subj,number,boys,man,distinguished,him,The boys said that the man distinguished him . <eos>,The boys said that the man distinguished him .
38,embed,local,0,b,nonlocal_subj,number,men,boy,distinguished,him,The men said that the boy distinguished him . <eos>,The men said that the boy distinguished him .
38,embed,nonlocal,1,a,local_subj,number,boy,men,distinguished,him,The boy said that the men distinguished him . <eos>,The boy said that the men distinguished him .
38,embed,nonlocal,1,b,local_subj,number,man,boys,distinguished,him,The man said that the boys distinguished him . <eos>,The man said that the boys distinguished him .
39,embed,nonlocal,1,a,none,none,boy,man,taught,him,The boy said that the man taught him . <eos>,The boy said that the man taught him .
39,embed,nonlocal,1,b,none,none,man,boy,taught,him,The man said that the boy taught him . <eos>,The man said that the boy taught him .
39,embed,local,0,a,nonlocal_subj,number,boys,man,taught,him,The boys said that the man taught him . <eos>,The boys said that the man taught him .
39,embed,local,0,b,nonlocal_subj,number,men,boy,taught,him,The men said that the boy taught him . <eos>,The men said that the boy taught him .
39,embed,nonlocal,1,a,local_subj,number,boy,men,taught,him,The boy said that the men taught him . <eos>,The boy said that the men taught him .
39,embed,nonlocal,1,b,local_subj,number,man,boys,taught,him,The man said that the boys taught him . <eos>,The man said that the boys taught him .
40,embed,nonlocal,1,a,none,none,boy,man,killed,him,The boy said that the man killed him . <eos>,The boy said that the man killed him .
40,embed,nonlocal,1,b,none,none,man,boy,killed,him,The man said that the boy killed him . <eos>,The man said that the boy killed him .
40,embed,local,0,a,nonlocal_subj,number,boys,man,killed,him,The boys said that the man killed him . <eos>,The boys said that the man killed him .
40,embed,local,0,b,nonlocal_subj,number,men,boy,killed,him,The men said that the boy killed him . <eos>,The men said that the boy killed him .
40,embed,nonlocal,1,a,local_subj,number,boy,men,killed,him,The boy said that the men killed him . <eos>,The boy said that the men killed him .
40,embed,nonlocal,1,b,local_subj,number,man,boys,killed,him,The man said that the boys killed him . <eos>,The man said that the boys killed him .
41,embed,nonlocal,1,a,none,none,boy,man,called,him,The boy said that the man called him . <eos>,The boy said that the man called him .
41,embed,nonlocal,1,b,none,none,man,boy,called,him,The man said that the boy called him . <eos>,The man said that the boy called him .
41,embed,local,0,a,nonlocal_subj,number,boys,man,called,him,The boys said that the man called him . <eos>,The boys said that the man called him .
41,embed,local,0,b,nonlocal_subj,number,men,boy,called,him,The men said that the boy called him . <eos>,The men said that the boy called him .
41,embed,nonlocal,1,a,local_subj,number,boy,men,called,him,The boy said that the men called him . <eos>,The boy said that the men called him .
41,embed,nonlocal,1,b,local_subj,number,man,boys,called,him,The man said that the boys called him . <eos>,The man said that the boys called him .
42,embed,nonlocal,1,a,none,none,boy,man,dedicated,him,The boy said that the man dedicated him . <eos>,The boy said that the man dedicated him .
42,embed,nonlocal,1,b,none,none,man,boy,dedicated,him,The man said that the boy dedicated him . <eos>,The man said that the boy dedicated him .
42,embed,local,0,a,nonlocal_subj,number,boys,man,dedicated,him,The boys said that the man dedicated him . <eos>,The boys said that the man dedicated him .
42,embed,local,0,b,nonlocal_subj,number,men,boy,dedicated,him,The men said that the boy dedicated him . <eos>,The men said that the boy dedicated him .
42,embed,nonlocal,1,a,local_subj,number,boy,men,dedicated,him,The boy said that the men dedicated him . <eos>,The boy said that the men dedicated him .
42,embed,nonlocal,1,b,local_subj,number,man,boys,dedicated,him,The man said that the boys dedicated him . <eos>,The man said that the boys dedicated him .
43,embed,nonlocal,1,a,none,none,boy,man,declared,him,The boy said that the man declared him . <eos>,The boy said that the man declared him .
43,embed,nonlocal,1,b,none,none,man,boy,declared,him,The man said that the boy declared him . <eos>,The man said that the boy declared him .
43,embed,local,0,a,nonlocal_subj,number,boys,man,declared,him,The boys said that the man declared him . <eos>,The boys said that the man declared him .
43,embed,local,0,b,nonlocal_subj,number,men,boy,declared,him,The men said that the boy declared him . <eos>,The men said that the boy declared him .
43,embed,nonlocal,1,a,local_subj,number,boy,men,declared,him,The boy said that the men declared him . <eos>,The boy said that the men declared him .
43,embed,nonlocal,1,b,local_subj,number,man,boys,declared,him,The man said that the boys declared him . <eos>,The man said that the boys declared him .
44,embed,nonlocal,1,a,none,none,boy,man,proved,him,The boy said that the man proved him . <eos>,The boy said that the man proved him .
44,embed,nonlocal,1,b,none,none,man,boy,proved,him,The man said that the boy proved him . <eos>,The man said that the boy proved him .
44,embed,local,0,a,nonlocal_subj,number,boys,man,proved,him,The boys said that the man proved him . <eos>,The boys said that the man proved him .
44,embed,local,0,b,nonlocal_subj,number,men,boy,proved,him,The men said that the boy proved him . <eos>,The men said that the boy proved him .
44,embed,nonlocal,1,a,local_subj,number,boy,men,proved,him,The boy said that the men proved him . <eos>,The boy said that the men proved him .
44,embed,nonlocal,1,b,local_subj,number,man,boys,proved,him,The man said that the boys proved him . <eos>,The man said that the boys proved him .
45,embed,nonlocal,1,a,none,none,boy,man,shot,him,The boy said that the man shot him . <eos>,The boy said that the man shot him .
45,embed,nonlocal,1,b,none,none,man,boy,shot,him,The man said that the boy shot him . <eos>,The man said that the boy shot him .
45,embed,local,0,a,nonlocal_subj,number,boys,man,shot,him,The boys said that the man shot him . <eos>,The boys said that the man shot him .
45,embed,local,0,b,nonlocal_subj,number,men,boy,shot,him,The men said that the boy shot him . <eos>,The men said that the boy shot him .
45,embed,nonlocal,1,a,local_subj,number,boy,men,shot,him,The boy said that the men shot him . <eos>,The boy said that the men shot him .
45,embed,nonlocal,1,b,local_subj,number,man,boys,shot,him,The man said that the boys shot him . <eos>,The man said that the boys shot him .
46,embed,nonlocal,1,a,none,none,boy,actor,saw,him,The boy said that the actor saw him . <eos>,The boy said that the actor saw him .
46,embed,nonlocal,1,b,none,none,actor,boy,saw,him,The actor said that the boy saw him . <eos>,The actor said that the boy saw him .
46,embed,local,0,a,nonlocal_subj,number,boys,actor,saw,him,The boys said that the actor saw him . <eos>,The boys said that the actor saw him .
46,embed,local,0,b,nonlocal_subj,number,actors,boy,saw,him,The actors said that the boy saw him . <eos>,The actors said that the boy saw him .
46,embed,nonlocal,1,a,local_subj,number,boy,actors,saw,him,The boy said that the actors saw him . <eos>,The boy said that the actors saw him .
46,embed,nonlocal,1,b,local_subj,number,actor,boys,saw,him,The actor said that the boys saw him . <eos>,The actor said that the boys saw him .
47,embed,nonlocal,1,a,none,none,boy,actor,established,him,The boy said that the actor established him . <eos>,The boy said that the actor established him .
47,embed,nonlocal,1,b,none,none,actor,boy,established,him,The actor said that the boy established him . <eos>,The actor said that the boy established him .
47,embed,local,0,a,nonlocal_subj,number,boys,actor,established,him,The boys said that the actor established him . <eos>,The boys said that the actor established him .
47,embed,local,0,b,nonlocal_subj,number,actors,boy,established,him,The actors said that the boy established him . <eos>,The actors said that the boy established him .
47,embed,nonlocal,1,a,local_subj,number,boy,actors,established,him,The boy said that the actors established him . <eos>,The boy said that the actors established him .
47,embed,nonlocal,1,b,local_subj,number,actor,boys,established,him,The actor said that the boys established him . <eos>,The actor said that the boys established him .
48,embed,nonlocal,1,a,none,none,boy,actor,devoted,him,The boy said that the actor devoted him . <eos>,The boy said that the actor devoted him .
48,embed,nonlocal,1,b,none,none,actor,boy,devoted,him,The actor said that the boy devoted him . <eos>,The actor said that the boy devoted him .
48,embed,local,0,a,nonlocal_subj,number,boys,actor,devoted,him,The boys said that the actor devoted him . <eos>,The boys said that the actor devoted him .
48,embed,local,0,b,nonlocal_subj,number,actors,boy,devoted,him,The actors said that the boy devoted him . <eos>,The actors said that the boy devoted him .
48,embed,nonlocal,1,a,local_subj,number,boy,actors,devoted,him,The boy said that the actors devoted him . <eos>,The boy said that the actors devoted him .
48,embed,nonlocal,1,b,local_subj,number,actor,boys,devoted,him,The actor said that the boys devoted him . <eos>,The actor said that the boys devoted him .
49,embed,nonlocal,1,a,none,none,boy,actor,considered,him,The boy said that the actor considered him . <eos>,The boy said that the actor considered him .
49,embed,nonlocal,1,b,none,none,actor,boy,considered,him,The actor said that the boy considered him . <eos>,The actor said that the boy considered him .
49,embed,local,0,a,nonlocal_subj,number,boys,actor,considered,him,The boys said that the actor considered him . <eos>,The boys said that the actor considered him .
49,embed,local,0,b,nonlocal_subj,number,actors,boy,considered,him,The actors said that the boy considered him . <eos>,The actors said that the boy considered him .
49,embed,nonlocal,1,a,local_subj,number,boy,actors,considered,him,The boy said that the actors considered him . <eos>,The boy said that the actors considered him .
49,embed,nonlocal,1,b,local_subj,number,actor,boys,considered,him,The actor said that the boys considered him . <eos>,The actor said that the boys considered him .
50,embed,nonlocal,1,a,none,none,boy,actor,identified,him,The boy said that the actor identified him . <eos>,The boy said that the actor identified him .
50,embed,nonlocal,1,b,none,none,actor,boy,identified,him,The actor said that the boy identified him . <eos>,The actor said that the boy identified him .
50,embed,local,0,a,nonlocal_subj,number,boys,actor,identified,him,The boys said that the actor identified him . <eos>,The boys said that the actor identified him .
50,embed,local,0,b,nonlocal_subj,number,actors,boy,identified,him,The actors said that the boy identified him . <eos>,The actors said that the boy identified him .
50,embed,nonlocal,1,a,local_subj,number,boy,actors,identified,him,The boy said that the actors identified him . <eos>,The boy said that the actors identified him .
50,embed,nonlocal,1,b,local_subj,number,actor,boys,identified,him,The actor said that the boys identified him . <eos>,The actor said that the boys identified him .
51,embed,nonlocal,1,a,none,none,boy,actor,made,him,The boy said that the actor made him . <eos>,The boy said that the actor made him .
51,embed,nonlocal,1,b,none,none,actor,boy,made,him,The actor said that the boy made him . <eos>,The actor said that the boy made him .
51,embed,local,0,a,nonlocal_subj,number,boys,actor,made,him,The boys said that the actor made him . <eos>,The boys said that the actor made him .
51,embed,local,0,b,nonlocal_subj,number,actors,boy,made,him,The actors said that the boy made him . <eos>,The actors said that the boy made him .
51,embed,nonlocal,1,a,local_subj,number,boy,actors,made,him,The boy said that the actors made him . <eos>,The boy said that the actors made him .
51,embed,nonlocal,1,b,local_subj,number,actor,boys,made,him,The actor said that the boys made him . <eos>,The actor said that the boys made him .
52,embed,nonlocal,1,a,none,none,boy,actor,found,him,The boy said that the actor found him . <eos>,The boy said that the actor found him .
52,embed,nonlocal,1,b,none,none,actor,boy,found,him,The actor said that the boy found him . <eos>,The actor said that the boy found him .
52,embed,local,0,a,nonlocal_subj,number,boys,actor,found,him,The boys said that the actor found him . <eos>,The boys said that the actor found him .
52,embed,local,0,b,nonlocal_subj,number,actors,boy,found,him,The actors said that the boy found him . <eos>,The actors said that the boy found him .
52,embed,nonlocal,1,a,local_subj,number,boy,actors,found,him,The boy said that the actors found him . <eos>,The boy said that the actors found him .
52,embed,nonlocal,1,b,local_subj,number,actor,boys,found,him,The actor said that the boys found him . <eos>,The actor said that the boys found him .
53,embed,nonlocal,1,a,none,none,boy,actor,distinguished,him,The boy said that the actor distinguished him . <eos>,The boy said that the actor distinguished him .
53,embed,nonlocal,1,b,none,none,actor,boy,distinguished,him,The actor said that the boy distinguished him . <eos>,The actor said that the boy distinguished him .
53,embed,local,0,a,nonlocal_subj,number,boys,actor,distinguished,him,The boys said that the actor distinguished him . <eos>,The boys said that the actor distinguished him .
53,embed,local,0,b,nonlocal_subj,number,actors,boy,distinguished,him,The actors said that the boy distinguished him . <eos>,The actors said that the boy distinguished him .
53,embed,nonlocal,1,a,local_subj,number,boy,actors,distinguished,him,The boy said that the actors distinguished him . <eos>,The boy said that the actors distinguished him .
53,embed,nonlocal,1,b,local_subj,number,actor,boys,distinguished,him,The actor said that the boys distinguished him . <eos>,The actor said that the boys distinguished him .
54,embed,nonlocal,1,a,none,none,boy,actor,taught,him,The boy said that the actor taught him . <eos>,The boy said that the actor taught him .
54,embed,nonlocal,1,b,none,none,actor,boy,taught,him,The actor said that the boy taught him . <eos>,The actor said that the boy taught him .
54,embed,local,0,a,nonlocal_subj,number,boys,actor,taught,him,The boys said that the actor taught him . <eos>,The boys said that the actor taught him .
54,embed,local,0,b,nonlocal_subj,number,actors,boy,taught,him,The actors said that the boy taught him . <eos>,The actors said that the boy taught him .
54,embed,nonlocal,1,a,local_subj,number,boy,actors,taught,him,The boy said that the actors taught him . <eos>,The boy said that the actors taught him .
54,embed,nonlocal,1,b,local_subj,number,actor,boys,taught,him,The actor said that the boys taught him . <eos>,The actor said that the boys taught him .
55,embed,nonlocal,1,a,none,none,boy,actor,killed,him,The boy said that the actor killed him . <eos>,The boy said that the actor killed him .
55,embed,nonlocal,1,b,none,none,actor,boy,killed,him,The actor said that the boy killed him . <eos>,The actor said that the boy killed him .
55,embed,local,0,a,nonlocal_subj,number,boys,actor,killed,him,The boys said that the actor killed him . <eos>,The boys said that the actor killed him .
55,embed,local,0,b,nonlocal_subj,number,actors,boy,killed,him,The actors said that the boy killed him . <eos>,The actors said that the boy killed him .
55,embed,nonlocal,1,a,local_subj,number,boy,actors,killed,him,The boy said that the actors killed him . <eos>,The boy said that the actors killed him .
55,embed,nonlocal,1,b,local_subj,number,actor,boys,killed,him,The actor said that the boys killed him . <eos>,The actor said that the boys killed him .
56,embed,nonlocal,1,a,none,none,boy,actor,called,him,The boy said that the actor called him . <eos>,The boy said that the actor called him .
56,embed,nonlocal,1,b,none,none,actor,boy,called,him,The actor said that the boy called him . <eos>,The actor said that the boy called him .
56,embed,local,0,a,nonlocal_subj,number,boys,actor,called,him,The boys said that the actor called him . <eos>,The boys said that the actor called him .
56,embed,local,0,b,nonlocal_subj,number,actors,boy,called,him,The actors said that the boy called him . <eos>,The actors said that the boy called him .
56,embed,nonlocal,1,a,local_subj,number,boy,actors,called,him,The boy said that the actors called him . <eos>,The boy said that the actors called him .
56,embed,nonlocal,1,b,local_subj,number,actor,boys,called,him,The actor said that the boys called him . <eos>,The actor said that the boys called him .
57,embed,nonlocal,1,a,none,none,boy,actor,dedicated,him,The boy said that the actor dedicated him . <eos>,The boy said that the actor dedicated him .
57,embed,nonlocal,1,b,none,none,actor,boy,dedicated,him,The actor said that the boy dedicated him . <eos>,The actor said that the boy dedicated him .
57,embed,local,0,a,nonlocal_subj,number,boys,actor,dedicated,him,The boys said that the actor dedicated him . <eos>,The boys said that the actor dedicated him .
57,embed,local,0,b,nonlocal_subj,number,actors,boy,dedicated,him,The actors said that the boy dedicated him . <eos>,The actors said that the boy dedicated him .
57,embed,nonlocal,1,a,local_subj,number,boy,actors,dedicated,him,The boy said that the actors dedicated him . <eos>,The boy said that the actors dedicated him .
57,embed,nonlocal,1,b,local_subj,number,actor,boys,dedicated,him,The actor said that the boys dedicated him . <eos>,The actor said that the boys dedicated him .
58,embed,nonlocal,1,a,none,none,boy,actor,declared,him,The boy said that the actor declared him . <eos>,The boy said that the actor declared him .
58,embed,nonlocal,1,b,none,none,actor,boy,declared,him,The actor said that the boy declared him . <eos>,The actor said that the boy declared him .
58,embed,local,0,a,nonlocal_subj,number,boys,actor,declared,him,The boys said that the actor declared him . <eos>,The boys said that the actor declared him .
58,embed,local,0,b,nonlocal_subj,number,actors,boy,declared,him,The actors said that the boy declared him . <eos>,The actors said that the boy declared him .
58,embed,nonlocal,1,a,local_subj,number,boy,actors,declared,him,The boy said that the actors declared him . <eos>,The boy said that the actors declared him .
58,embed,nonlocal,1,b,local_subj,number,actor,boys,declared,him,The actor said that the boys declared him . <eos>,The actor said that the boys declared him .
59,embed,nonlocal,1,a,none,none,boy,actor,proved,him,The boy said that the actor proved him . <eos>,The boy said that the actor proved him .
59,embed,nonlocal,1,b,none,none,actor,boy,proved,him,The actor said that the boy proved him . <eos>,The actor said that the boy proved him .
59,embed,local,0,a,nonlocal_subj,number,boys,actor,proved,him,The boys said that the actor proved him . <eos>,The boys said that the actor proved him .
59,embed,local,0,b,nonlocal_subj,number,actors,boy,proved,him,The actors said that the boy proved him . <eos>,The actors said that the boy proved him .
59,embed,nonlocal,1,a,local_subj,number,boy,actors,proved,him,The boy said that the actors proved him . <eos>,The boy said that the actors proved him .
59,embed,nonlocal,1,b,local_subj,number,actor,boys,proved,him,The actor said that the boys proved him . <eos>,The actor said that the boys proved him .
60,embed,nonlocal,1,a,none,none,boy,actor,shot,him,The boy said that the actor shot him . <eos>,The boy said that the actor shot him .
60,embed,nonlocal,1,b,none,none,actor,boy,shot,him,The actor said that the boy shot him . <eos>,The actor said that the boy shot him .
60,embed,local,0,a,nonlocal_subj,number,boys,actor,shot,him,The boys said that the actor shot him . <eos>,The boys said that the actor shot him .
60,embed,local,0,b,nonlocal_subj,number,actors,boy,shot,him,The actors said that the boy shot him . <eos>,The actors said that the boy shot him .
60,embed,nonlocal,1,a,local_subj,number,boy,actors,shot,him,The boy said that the actors shot him . <eos>,The boy said that the actors shot him .
60,embed,nonlocal,1,b,local_subj,number,actor,boys,shot,him,The actor said that the boys shot him . <eos>,The actor said that the boys shot him .
61,embed,nonlocal,1,a,none,none,boy,husband,saw,him,The boy said that the husband saw him . <eos>,The boy said that the husband saw him .
61,embed,nonlocal,1,b,none,none,husband,boy,saw,him,The husband said that the boy saw him . <eos>,The husband said that the boy saw him .
61,embed,local,0,a,nonlocal_subj,number,boys,husband,saw,him,The boys said that the husband saw him . <eos>,The boys said that the husband saw him .
61,embed,local,0,b,nonlocal_subj,number,husbands,boy,saw,him,The husbands said that the boy saw him . <eos>,The husbands said that the boy saw him .
61,embed,nonlocal,1,a,local_subj,number,boy,husbands,saw,him,The boy said that the husbands saw him . <eos>,The boy said that the husbands saw him .
61,embed,nonlocal,1,b,local_subj,number,husband,boys,saw,him,The husband said that the boys saw him . <eos>,The husband said that the boys saw him .
62,embed,nonlocal,1,a,none,none,boy,husband,established,him,The boy said that the husband established him . <eos>,The boy said that the husband established him .
62,embed,nonlocal,1,b,none,none,husband,boy,established,him,The husband said that the boy established him . <eos>,The husband said that the boy established him .
62,embed,local,0,a,nonlocal_subj,number,boys,husband,established,him,The boys said that the husband established him . <eos>,The boys said that the husband established him .
62,embed,local,0,b,nonlocal_subj,number,husbands,boy,established,him,The husbands said that the boy established him . <eos>,The husbands said that the boy established him .
62,embed,nonlocal,1,a,local_subj,number,boy,husbands,established,him,The boy said that the husbands established him . <eos>,The boy said that the husbands established him .
62,embed,nonlocal,1,b,local_subj,number,husband,boys,established,him,The husband said that the boys established him . <eos>,The husband said that the boys established him .
63,embed,nonlocal,1,a,none,none,boy,husband,devoted,him,The boy said that the husband devoted him . <eos>,The boy said that the husband devoted him .
63,embed,nonlocal,1,b,none,none,husband,boy,devoted,him,The husband said that the boy devoted him . <eos>,The husband said that the boy devoted him .
63,embed,local,0,a,nonlocal_subj,number,boys,husband,devoted,him,The boys said that the husband devoted him . <eos>,The boys said that the husband devoted him .
63,embed,local,0,b,nonlocal_subj,number,husbands,boy,devoted,him,The husbands said that the boy devoted him . <eos>,The husbands said that the boy devoted him .
63,embed,nonlocal,1,a,local_subj,number,boy,husbands,devoted,him,The boy said that the husbands devoted him . <eos>,The boy said that the husbands devoted him .
63,embed,nonlocal,1,b,local_subj,number,husband,boys,devoted,him,The husband said that the boys devoted him . <eos>,The husband said that the boys devoted him .
64,embed,nonlocal,1,a,none,none,boy,husband,considered,him,The boy said that the husband considered him . <eos>,The boy said that the husband considered him .
64,embed,nonlocal,1,b,none,none,husband,boy,considered,him,The husband said that the boy considered him . <eos>,The husband said that the boy considered him .
64,embed,local,0,a,nonlocal_subj,number,boys,husband,considered,him,The boys said that the husband considered him . <eos>,The boys said that the husband considered him .
64,embed,local,0,b,nonlocal_subj,number,husbands,boy,considered,him,The husbands said that the boy considered him . <eos>,The husbands said that the boy considered him .
64,embed,nonlocal,1,a,local_subj,number,boy,husbands,considered,him,The boy said that the husbands considered him . <eos>,The boy said that the husbands considered him .
64,embed,nonlocal,1,b,local_subj,number,husband,boys,considered,him,The husband said that the boys considered him . <eos>,The husband said that the boys considered him .
65,embed,nonlocal,1,a,none,none,boy,husband,identified,him,The boy said that the husband identified him . <eos>,The boy said that the husband identified him .
65,embed,nonlocal,1,b,none,none,husband,boy,identified,him,The husband said that the boy identified him . <eos>,The husband said that the boy identified him .
65,embed,local,0,a,nonlocal_subj,number,boys,husband,identified,him,The boys said that the husband identified him . <eos>,The boys said that the husband identified him .
65,embed,local,0,b,nonlocal_subj,number,husbands,boy,identified,him,The husbands said that the boy identified him . <eos>,The husbands said that the boy identified him .
65,embed,nonlocal,1,a,local_subj,number,boy,husbands,identified,him,The boy said that the husbands identified him . <eos>,The boy said that the husbands identified him .
65,embed,nonlocal,1,b,local_subj,number,husband,boys,identified,him,The husband said that the boys identified him . <eos>,The husband said that the boys identified him .
66,embed,nonlocal,1,a,none,none,boy,husband,made,him,The boy said that the husband made him . <eos>,The boy said that the husband made him .
66,embed,nonlocal,1,b,none,none,husband,boy,made,him,The husband said that the boy made him . <eos>,The husband said that the boy made him .
66,embed,local,0,a,nonlocal_subj,number,boys,husband,made,him,The boys said that the husband made him . <eos>,The boys said that the husband made him .
66,embed,local,0,b,nonlocal_subj,number,husbands,boy,made,him,The husbands said that the boy made him . <eos>,The husbands said that the boy made him .
66,embed,nonlocal,1,a,local_subj,number,boy,husbands,made,him,The boy said that the husbands made him . <eos>,The boy said that the husbands made him .
66,embed,nonlocal,1,b,local_subj,number,husband,boys,made,him,The husband said that the boys made him . <eos>,The husband said that the boys made him .
67,embed,nonlocal,1,a,none,none,boy,husband,found,him,The boy said that the husband found him . <eos>,The boy said that the husband found him .
67,embed,nonlocal,1,b,none,none,husband,boy,found,him,The husband said that the boy found him . <eos>,The husband said that the boy found him .
67,embed,local,0,a,nonlocal_subj,number,boys,husband,found,him,The boys said that the husband found him . <eos>,The boys said that the husband found him .
67,embed,local,0,b,nonlocal_subj,number,husbands,boy,found,him,The husbands said that the boy found him . <eos>,The husbands said that the boy found him .
67,embed,nonlocal,1,a,local_subj,number,boy,husbands,found,him,The boy said that the husbands found him . <eos>,The boy said that the husbands found him .
67,embed,nonlocal,1,b,local_subj,number,husband,boys,found,him,The husband said that the boys found him . <eos>,The husband said that the boys found him .
68,embed,nonlocal,1,a,none,none,boy,husband,distinguished,him,The boy said that the husband distinguished him . <eos>,The boy said that the husband distinguished him .
68,embed,nonlocal,1,b,none,none,husband,boy,distinguished,him,The husband said that the boy distinguished him . <eos>,The husband said that the boy distinguished him .
68,embed,local,0,a,nonlocal_subj,number,boys,husband,distinguished,him,The boys said that the husband distinguished him . <eos>,The boys said that the husband distinguished him .
68,embed,local,0,b,nonlocal_subj,number,husbands,boy,distinguished,him,The husbands said that the boy distinguished him . <eos>,The husbands said that the boy distinguished him .
68,embed,nonlocal,1,a,local_subj,number,boy,husbands,distinguished,him,The boy said that the husbands distinguished him . <eos>,The boy said that the husbands distinguished him .
68,embed,nonlocal,1,b,local_subj,number,husband,boys,distinguished,him,The husband said that the boys distinguished him . <eos>,The husband said that the boys distinguished him .
69,embed,nonlocal,1,a,none,none,boy,husband,taught,him,The boy said that the husband taught him . <eos>,The boy said that the husband taught him .
69,embed,nonlocal,1,b,none,none,husband,boy,taught,him,The husband said that the boy taught him . <eos>,The husband said that the boy taught him .
69,embed,local,0,a,nonlocal_subj,number,boys,husband,taught,him,The boys said that the husband taught him . <eos>,The boys said that the husband taught him .
69,embed,local,0,b,nonlocal_subj,number,husbands,boy,taught,him,The husbands said that the boy taught him . <eos>,The husbands said that the boy taught him .
69,embed,nonlocal,1,a,local_subj,number,boy,husbands,taught,him,The boy said that the husbands taught him . <eos>,The boy said that the husbands taught him .
69,embed,nonlocal,1,b,local_subj,number,husband,boys,taught,him,The husband said that the boys taught him . <eos>,The husband said that the boys taught him .
70,embed,nonlocal,1,a,none,none,boy,husband,killed,him,The boy said that the husband killed him . <eos>,The boy said that the husband killed him .
70,embed,nonlocal,1,b,none,none,husband,boy,killed,him,The husband said that the boy killed him . <eos>,The husband said that the boy killed him .
70,embed,local,0,a,nonlocal_subj,number,boys,husband,killed,him,The boys said that the husband killed him . <eos>,The boys said that the husband killed him .
70,embed,local,0,b,nonlocal_subj,number,husbands,boy,killed,him,The husbands said that the boy killed him . <eos>,The husbands said that the boy killed him .
70,embed,nonlocal,1,a,local_subj,number,boy,husbands,killed,him,The boy said that the husbands killed him . <eos>,The boy said that the husbands killed him .
70,embed,nonlocal,1,b,local_subj,number,husband,boys,killed,him,The husband said that the boys killed him . <eos>,The husband said that the boys killed him .
71,embed,nonlocal,1,a,none,none,boy,husband,called,him,The boy said that the husband called him . <eos>,The boy said that the husband called him .
71,embed,nonlocal,1,b,none,none,husband,boy,called,him,The husband said that the boy called him . <eos>,The husband said that the boy called him .
71,embed,local,0,a,nonlocal_subj,number,boys,husband,called,him,The boys said that the husband called him . <eos>,The boys said that the husband called him .
71,embed,local,0,b,nonlocal_subj,number,husbands,boy,called,him,The husbands said that the boy called him . <eos>,The husbands said that the boy called him .
71,embed,nonlocal,1,a,local_subj,number,boy,husbands,called,him,The boy said that the husbands called him . <eos>,The boy said that the husbands called him .
71,embed,nonlocal,1,b,local_subj,number,husband,boys,called,him,The husband said that the boys called him . <eos>,The husband said that the boys called him .
72,embed,nonlocal,1,a,none,none,boy,husband,dedicated,him,The boy said that the husband dedicated him . <eos>,The boy said that the husband dedicated him .
72,embed,nonlocal,1,b,none,none,husband,boy,dedicated,him,The husband said that the boy dedicated him . <eos>,The husband said that the boy dedicated him .
72,embed,local,0,a,nonlocal_subj,number,boys,husband,dedicated,him,The boys said that the husband dedicated him . <eos>,The boys said that the husband dedicated him .
72,embed,local,0,b,nonlocal_subj,number,husbands,boy,dedicated,him,The husbands said that the boy dedicated him . <eos>,The husbands said that the boy dedicated him .
72,embed,nonlocal,1,a,local_subj,number,boy,husbands,dedicated,him,The boy said that the husbands dedicated him . <eos>,The boy said that the husbands dedicated him .
72,embed,nonlocal,1,b,local_subj,number,husband,boys,dedicated,him,The husband said that the boys dedicated him . <eos>,The husband said that the boys dedicated him .
73,embed,nonlocal,1,a,none,none,boy,husband,declared,him,The boy said that the husband declared him . <eos>,The boy said that the husband declared him .
73,embed,nonlocal,1,b,none,none,husband,boy,declared,him,The husband said that the boy declared him . <eos>,The husband said that the boy declared him .
73,embed,local,0,a,nonlocal_subj,number,boys,husband,declared,him,The boys said that the husband declared him . <eos>,The boys said that the husband declared him .
73,embed,local,0,b,nonlocal_subj,number,husbands,boy,declared,him,The husbands said that the boy declared him . <eos>,The husbands said that the boy declared him .
73,embed,nonlocal,1,a,local_subj,number,boy,husbands,declared,him,The boy said that the husbands declared him . <eos>,The boy said that the husbands declared him .
73,embed,nonlocal,1,b,local_subj,number,husband,boys,declared,him,The husband said that the boys declared him . <eos>,The husband said that the boys declared him .
74,embed,nonlocal,1,a,none,none,boy,husband,proved,him,The boy said that the husband proved him . <eos>,The boy said that the husband proved him .
74,embed,nonlocal,1,b,none,none,husband,boy,proved,him,The husband said that the boy proved him . <eos>,The husband said that the boy proved him .
74,embed,local,0,a,nonlocal_subj,number,boys,husband,proved,him,The boys said that the husband proved him . <eos>,The boys said that the husband proved him .
74,embed,local,0,b,nonlocal_subj,number,husbands,boy,proved,him,The husbands said that the boy proved him . <eos>,The husbands said that the boy proved him .
74,embed,nonlocal,1,a,local_subj,number,boy,husbands,proved,him,The boy said that the husbands proved him . <eos>,The boy said that the husbands proved him .
74,embed,nonlocal,1,b,local_subj,number,husband,boys,proved,him,The husband said that the boys proved him . <eos>,The husband said that the boys proved him .
75,embed,nonlocal,1,a,none,none,boy,husband,shot,him,The boy said that the husband shot him . <eos>,The boy said that the husband shot him .
75,embed,nonlocal,1,b,none,none,husband,boy,shot,him,The husband said that the boy shot him . <eos>,The husband said that the boy shot him .
75,embed,local,0,a,nonlocal_subj,number,boys,husband,shot,him,The boys said that the husband shot him . <eos>,The boys said that the husband shot him .
75,embed,local,0,b,nonlocal_subj,number,husbands,boy,shot,him,The husbands said that the boy shot him . <eos>,The husbands said that the boy shot him .
75,embed,nonlocal,1,a,local_subj,number,boy,husbands,shot,him,The boy said that the husbands shot him . <eos>,The boy said that the husbands shot him .
75,embed,nonlocal,1,b,local_subj,number,husband,boys,shot,him,The husband said that the boys shot him . <eos>,The husband said that the boys shot him .