item,clause_type,locality,c-command,grammatical,counterbalance,mismatch_position,mismatch_feature,matrix_subj_noun,rc_subj_noun,verb,pronoun,sentence,sentence_no_eos
1,simple,local,c-command,1,a,none,none,girl,mother,saw,herself,The girl that the mother liked saw herself . <eos>,The girl that the mother liked saw herself .
1,simple,local,c-command,1,b,none,none,mother,girl,saw,herself,The mother that the girl liked saw herself . <eos>,The mother that the girl liked saw herself .
1,simple,local,no-c-command,0,a,matrix_subj,number,girls,mother,saw,herself,The girls that the mother liked saw herself . <eos>,The girls that the mother liked saw herself .
1,simple,local,no-c-command,0,b,matrix_subj,number,mothers,girl,saw,herself,The mothers that the girl liked saw herself . <eos>,The mothers that the girl liked saw herself .
1,simple,local,c-command,1,a,rc_subj,number,girl,mothers,saw,herself,The girl that the mothers liked saw herself . <eos>,The girl that the mothers liked saw herself .
1,simple,local,c-command,1,b,rc_subj,number,mother,girls,saw,herself,The mother that the girls liked saw herself . <eos>,The mother that the girls liked saw herself .
2,simple,local,c-command,1,a,none,none,girl,mother,established,herself,The girl that the mother liked established herself . <eos>,The girl that the mother liked established herself .
2,simple,local,c-command,1,b,none,none,mother,girl,established,herself,The mother that the girl liked established herself . <eos>,The mother that the girl liked established herself .
2,simple,local,no-c-command,0,a,matrix_subj,number,girls,mother,established,herself,The girls that the mother liked established herself . <eos>,The girls that the mother liked established herself .
2,simple,local,no-c-command,0,b,matrix_subj,number,mothers,girl,established,herself,The mothers that the girl liked established herself . <eos>,The mothers that the girl liked established herself .
2,simple,local,c-command,1,a,rc_subj,number,girl,mothers,established,herself,The girl that the mothers liked established herself . <eos>,The girl that the mothers liked established herself .
2,simple,local,c-command,1,b,rc_subj,number,mother,girls,established,herself,The mother that the girls liked established herself . <eos>,The mother that the girls liked established herself .
3,simple,local,c-command,1,a,none,none,girl,mother,devoted,herself,The girl that the mother liked devoted herself . <eos>,The girl that the mother liked devoted herself .
3,simple,local,c-command,1,b,none,none,mother,girl,devoted,herself,The mother that the girl liked devoted herself . <eos>,The mother that the girl liked devoted herself .
3,simple,local,no-c-command,0,a,matrix_subj,number,girls,mother,devoted,herself,The girls that the mother liked devoted herself . <eos>,The girls that the mother liked devoted herself .
3,simple,local,no-c-command,0,b,matrix_subj,number,mothers,girl,devoted,herself,The mothers that the girl liked devoted herself . <eos>,The mothers that the girl liked devoted herself .
3,simple,local,c-command,1,a,rc_subj,number,girl,mothers,devoted,herself,The girl that the mothers liked devoted herself . <eos>,The girl that the mothers liked devoted herself .
3,simple,local,c-command,1,b,rc_subj,number,mother,girls,devoted,herself,The mother that the girls liked devoted herself . <eos>,The mother that the girls liked devoted herself .
4,simple,local,c-command,1,a,none,none,girl,mother,considered,herself,The girl that the mother liked considered herself . <eos>,The girl that the mother liked considered herself .
4,simple,local,c-command,1,b,none,none,mother,girl,considered,herself,The mother that the girl liked considered herself . <eos>,The mother that the girl liked considered herself .
4,simple,local,no-c-command,0,a,matrix_subj,number,girls,mother,considered,herself,The girls that the mother liked considered herself . <eos>,The girls that the mother liked considered herself .
4,simple,local,no-c-command,0,b,matrix_subj,number,mothers,girl,considered,herself,The mothers that the girl liked considered herself . <eos>,The mothers that the girl liked considered herself .
4,simple,local,c-command,1,a,rc_subj,number,girl,mothers,considered,herself,The girl that the mothers liked considered herself . <eos>,The girl that the mothers liked considered herself .
4,simple,local,c-command,1,b,rc_subj,number,mother,girls,considered,herself,The mother that the girls liked considered herself . <eos>,The mother that the girls liked considered herself .
5,simple,local,c-command,1,a,none,none,girl,mother,identified,herself,The girl that the mother liked identified herself . <eos>,The girl that the mother liked identified herself .
5,simple,local,c-command,1,b,none,none,mother,girl,identified,herself,The mother that the girl liked identified herself . <eos>,The mother that the girl liked identified herself .
5,simple,local,no-c-command,0,a,matrix_subj,number,girls,mother,identified,herself,The girls that the mother liked identified herself . <eos>,The girls that the mother liked identified herself .
5,simple,local,no-c-command,0,b,matrix_subj,number,mothers,girl,identified,herself,The mothers that the girl liked identified herself . <eos>,The mothers that the girl liked identified herself .
5,simple,local,c-command,1,a,rc_subj,number,girl,mothers,identified,herself,The girl that the mothers liked identified herself . <eos>,The girl that the mothers liked identified herself .
5,simple,local,c-command,1,b,rc_subj,number,mother,girls,identified,herself,The mother that the girls liked identified herself . <eos>,The mother that the girls liked identified herself .
6,simple,local,c-command,1,a,none,none,girl,mother,made,herself,The girl that the mother liked made herself . <eos>,The girl that the mother liked made herself .
6,simple,local,c-command,1,b,none,none,mother,girl,made,herself,The mother that the girl liked made herself . <eos>,The mother that the girl liked made herself .
6,simple,local,no-c-command,0,a,matrix_subj,number,girls,mother,made,herself,The girls that the mother liked made herself . <eos>,The girls that the mother liked made herself .
6,simple,local,no-c-command,0,b,matrix_subj,number,mothers,girl,made,herself,The mothers that the girl liked made herself . <eos>,The mothers that the girl liked made herself .
6,simple,local,c-command,1,a,rc_subj,number,girl,mothers,made,herself,The girl that the mothers liked made herself . <eos>,The girl that the mothers liked made herself .
6,simple,local,c-command,1,b,rc_subj,number,mother,girls,made,herself,The mother that the girls liked made herself . <eos>,The mother that the girls liked made herself .
7,simple,local,c-command,1,a,none,none,girl,mother,found,herself,The girl that the mother liked found herself . <eos>,The girl that the mother liked found herself .
7,simple,local,c-command,1,b,none,none,mother,girl,found,herself,The mother that the girl liked found herself . <eos>,The mother that the girl liked found herself .
7,simple,local,no-c-command,0,a,matrix_subj,number,girls,mother,found,herself,The girls that the mother liked found herself . <eos>,The girls that the mother liked found herself .
7,simple,local,no-c-command,0,b,matrix_subj,number,mothers,girl,found,herself,The mothers that the girl liked found herself . <eos>,The mothers that the girl liked found herself .
7,simple,local,c-command,1,a,rc_subj,number,girl,mothers,found,herself,The girl that the mothers liked found herself . <eos>,The girl that the mothers liked found herself .
7,simple,local,c-command,1,b,rc_subj,number,mother,girls,found,herself,The mother that the girls liked found herself . <eos>,The mother that the girls liked found herself .
8,simple,local,c-command,1,a,none,none,girl,mother,distinguished,herself,The girl that the mother liked distinguished herself . <eos>,The girl that the mother liked distinguished herself .
8,simple,local,c-command,1,b,none,none,mother,girl,distinguished,herself,The mother that the girl liked distinguished herself . <eos>,The mother that the girl liked distinguished herself .
8,simple,local,no-c-command,0,a,matrix_subj,number,girls,mother,distinguished,herself,The girls that the mother liked distinguished herself . <eos>,The girls that the mother liked distinguished herself .
8,simple,local,no-c-command,0,b,matrix_subj,number,mothers,girl,distinguished,herself,The mothers that the girl liked distinguished herself . <eos>,The mothers that the girl liked distinguished herself .
8,simple,local,c-command,1,a,rc_subj,number,girl,mothers,distinguished,herself,The girl that the mothers liked distinguished herself . <eos>,The girl that the mothers liked distinguished herself .
8,simple,local,c-command,1,b,rc_subj,number,mother,girls,distinguished,herself,The mother that the girls liked distinguished herself . <eos>,The mother that the girls liked distinguished herself .
9,simple,local,c-command,1,a,none,none,girl,mother,taught,herself,The girl that the mother liked taught herself . <eos>,The girl that the mother liked taught herself .
9,simple,local,c-command,1,b,none,none,mother,girl,taught,herself,The mother that the girl liked taught herself . <eos>,The mother that the girl liked taught herself .
9,simple,local,no-c-command,0,a,matrix_subj,number,girls,mother,taught,herself,The girls that the mother liked taught herself . <eos>,The girls that the mother liked taught herself .
9,simple,local,no-c-command,0,b,matrix_subj,number,mothers,girl,taught,herself,The mothers that the girl liked taught herself . <eos>,The mothers that the girl liked taught herself .
9,simple,local,c-command,1,a,rc_subj,number,girl,mothers,taught,herself,The girl that the mothers liked taught herself . <eos>,The girl that the mothers liked taught herself .
9,simple,local,c-command,1,b,rc_subj,number,mother,girls,taught,herself,The mother that the girls liked taught herself . <eos>,The mother that the girls liked taught herself .
10,simple,local,c-command,1,a,none,none,girl,mother,killed,herself,The girl that the mother liked killed herself . <eos>,The girl that the mother liked killed herself .
10,simple,local,c-command,1,b,none,none,mother,girl,killed,herself,The mother that the girl liked killed herself . <eos>,The mother that the girl liked killed herself .
10,simple,local,no-c-command,0,a,matrix_subj,number,girls,mother,killed,herself,The girls that the mother liked killed herself . <eos>,The girls that the mother liked killed herself .
10,simple,local,no-c-command,0,b,matrix_subj,number,mothers,girl,killed,herself,The mothers that the girl liked killed herself . <eos>,The mothers that the girl liked killed herself .
10,simple,local,c-command,1,a,rc_subj,number,girl,mothers,killed,herself,The girl that the mothers liked killed herself . <eos>,The girl that the mothers liked killed herself .
10,simple,local,c-command,1,b,rc_subj,number,mother,girls,killed,herself,The mother that the girls liked killed herself . <eos>,The mother that the girls liked killed herself .
11,simple,local,c-command,1,a,none,none,girl,mother,called,herself,The girl that the mother liked called herself . <eos>,The girl that the mother liked called herself .
11,simple,local,c-command,1,b,none,none,mother,girl,called,herself,The mother that the girl liked called herself . <eos>,The mother that the girl liked called herself .
11,simple,local,no-c-command,0,a,matrix_subj,number,girls,mother,called,herself,The girls that the mother liked called herself . <eos>,The girls that the mother liked called herself .
11,simple,local,no-c-command,0,b,matrix_subj,number,mothers,girl,called,herself,The mothers that the girl liked called herself . <eos>,The mothers that the girl liked called herself .
11,simple,local,c-command,1,a,rc_subj,number,girl,mothers,called,herself,The girl that the mothers liked called herself . <eos>,The girl that the mothers liked called herself .
11,simple,local,c-command,1,b,rc_subj,number,mother,girls,called,herself,The mother that the girls liked called herself . <eos>,The mother that the girls liked called herself .
12,simple,local,c-command,1,a,none,none,girl,mother,dedicated,herself,The girl that the mother liked dedicated herself . <eos>,The girl that the mother liked dedicated herself .
12,simple,local,c-command,1,b,none,none,mother,girl,dedicated,herself,The mother that the girl liked dedicated herself . <eos>,The mother that the girl liked dedicated herself .
12,simple,local,no-c-command,0,a,matrix_subj,number,girls,mother,dedicated,herself,The girls that the mother liked dedicated herself . <eos>,The girls that the mother liked dedicated herself .
12,simple,local,no-c-command,0,b,matrix_subj,number,mothers,girl,dedicated,herself,The mothers that the girl liked dedicated herself . <eos>,The mothers that the girl liked dedicated herself .
12,simple,local,c-command,1,a,rc_subj,number,girl,mothers,dedicated,herself,The girl that the mothers liked dedicated herself . <eos>,The girl that the mothers liked dedicated herself .
12,simple,local,c-command,1,b,rc_subj,number,mother,girls,dedicated,herself,The mother that the girls liked dedicated herself . <eos>,The mother that the girls liked dedicated herself .
13,simple,local,c-command,1,a,none,none,girl,mother,declared,herself,The girl that the mother liked declared herself . <eos>,The girl that the mother liked declared herself .
13,simple,local,c-command,1,b,none,none,mother,girl,declared,herself,The mother that the girl liked declared herself . <eos>,The mother that the girl liked declared herself .
13,simple,local,no-c-command,0,a,matrix_subj,number,girls,mother,declared,herself,The girls that the mother liked declared herself . <eos>,The girls that the mother liked declared herself .
13,simple,local,no-c-command,0,b,matrix_subj,number,mothers,girl,declared,herself,The mothers that the girl liked declared herself . <eos>,The mothers that the girl liked declared herself .
13,simple,local,c-command,1,a,rc_subj,number,girl,mothers,declared,herself,The girl that the mothers liked declared herself . <eos>,The girl that the mothers liked declared herself .
13,simple,local,c-command,1,b,rc_subj,number,mother,girls,declared,herself,The mother that the girls liked declared herself . <eos>,The mother that the girls liked declared herself .
14,simple,local,c-command,1,a,none,none,girl,mother,proved,herself,The girl that the mother liked proved herself . <eos>,The girl that the mother liked proved herself .
14,simple,local,c-command,1,b,none,none,mother,girl,proved,herself,The mother that the girl liked proved herself . <eos>,The mother that the girl liked proved herself .
14,simple,local,no-c-command,0,a,matrix_subj,number,girls,mother,proved,herself,The girls that the mother liked proved herself . <eos>,The girls that the mother liked proved herself .
14,simple,local,no-c-command,0,b,matrix_subj,number,mothers,girl,proved,herself,The mothers that the girl liked proved herself . <eos>,The mothers that the girl liked proved herself .
14,simple,local,c-command,1,a,rc_subj,number,girl,mothers,proved,herself,The girl that the mothers liked proved herself . <eos>,The girl that the mothers liked proved herself .
14,simple,local,c-command,1,b,rc_subj,number,mother,girls,proved,herself,The mother that the girls liked proved herself . <eos>,The mother that the girls liked proved herself .
15,simple,local,c-command,1,a,none,none,girl,mother,shot,herself,The girl that the mother liked shot herself . <eos>,The girl that the mother liked shot herself .
15,simple,local,c-command,1,b,none,none,mother,girl,shot,herself,The mother that the girl liked shot herself . <eos>,The mother that the girl liked shot herself .
15,simple,local,no-c-command,0,a,matrix_subj,number,girls,mother,shot,herself,The girls that the mother liked shot herself . <eos>,The girls that the mother liked shot herself .
15,simple,local,no-c-command,0,b,matrix_subj,number,mothers,girl,shot,herself,The mothers that the girl liked shot herself . <eos>,The mothers that the girl liked shot herself .
15,simple,local,c-command,1,a,rc_subj,number,girl,mothers,shot,herself,The girl that the mothers liked shot herself . <eos>,The girl that the mothers liked shot herself .
15,simple,local,c-command,1,b,rc_subj,number,mother,girls,shot,herself,The mother that the girls liked shot herself . <eos>,The mother that the girls liked shot herself .
16,simple,local,c-command,1,a,none,none,girl,daughter,saw,herself,The girl that the daughter liked saw herself . <eos>,The girl that the daughter liked saw herself .
16,simple,local,c-command,1,b,none,none,daughter,girl,saw,herself,The daughter that the girl liked saw herself . <eos>,The daughter that the girl liked saw herself .
16,simple,local,no-c-command,0,a,matrix_subj,number,girls,daughter,saw,herself,The girls that the daughter liked saw herself . <eos>,The girls that the daughter liked saw herself .
16,simple,local,no-c-command,0,b,matrix_subj,number,daughters,girl,saw,herself,The daughters that the girl liked saw herself . <eos>,The daughters that the girl liked saw herself .
16,simple,local,c-command,1,a,rc_subj,number,girl,daughters,saw,herself,The girl that the daughters liked saw herself . <eos>,The girl that the daughters liked saw herself .
16,simple,local,c-command,1,b,rc_subj,number,daughter,girls,saw,herself,The daughter that the girls liked saw herself . <eos>,The daughter that the girls liked saw herself .
17,simple,local,c-command,1,a,none,none,girl,daughter,established,herself,The girl that the daughter liked established herself . <eos>,The girl that the daughter liked established herself .
17,simple,local,c-command,1,b,none,none,daughter,girl,established,herself,The daughter that the girl liked established herself . <eos>,The daughter that the girl liked established herself .
17,simple,local,no-c-command,0,a,matrix_subj,number,girls,daughter,established,herself,The girls that the daughter liked established herself . <eos>,The girls that the daughter liked established herself .
17,simple,local,no-c-command,0,b,matrix_subj,number,daughters,girl,established,herself,The daughters that the girl liked established herself . <eos>,The daughters that the girl liked established herself .
17,simple,local,c-command,1,a,rc_subj,number,girl,daughters,established,herself,The girl that the daughters liked established herself . <eos>,The girl that the daughters liked established herself .
17,simple,local,c-command,1,b,rc_subj,number,daughter,girls,established,herself,The daughter that the girls liked established herself . <eos>,The daughter that the girls liked established herself .
18,simple,local,c-command,1,a,none,none,girl,daughter,devoted,herself,The girl that the daughter liked devoted herself . <eos>,The girl that the daughter liked devoted herself .
18,simple,local,c-command,1,b,none,none,daughter,girl,devoted,herself,The daughter that the girl liked devoted herself . <eos>,The daughter that the girl liked devoted herself .
18,simple,local,no-c-command,0,a,matrix_subj,number,girls,daughter,devoted,herself,The girls that the daughter liked devoted herself . <eos>,The girls that the daughter liked devoted herself .
18,simple,local,no-c-command,0,b,matrix_subj,number,daughters,girl,devoted,herself,The daughters that the girl liked devoted herself . <eos>,The daughters that the girl liked devoted herself .
18,simple,local,c-command,1,a,rc_subj,number,girl,daughters,devoted,herself,The girl that the daughters liked devoted herself . <eos>,The girl that the daughters liked devoted herself .
18,simple,local,c-command,1,b,rc_subj,number,daughter,girls,devoted,herself,The daughter that the girls liked devoted herself . <eos>,The daughter that the girls liked devoted herself .
19,simple,local,c-command,1,a,none,none,girl,daughter,considered,herself,The girl that the daughter liked considered herself . <eos>,The girl that the daughter liked considered herself .
19,simple,local,c-command,1,b,none,none,daughter,girl,considered,herself,The daughter that the girl liked considered herself . <eos>,The daughter that the girl liked considered herself .
19,simple,local,no-c-command,0,a,matrix_subj,number,girls,daughter,considered,herself,The girls that the daughter liked considered herself . <eos>,The girls that the daughter liked considered herself .
19,simple,local,no-c-command,0,b,matrix_subj,number,daughters,girl,considered,herself,The daughters that the girl liked considered herself . <eos>,The daughters that the girl liked considered herself .
19,simple,local,c-command,1,a,rc_subj,number,girl,daughters,considered,herself,The girl that the daughters liked considered herself . <eos>,The girl that the daughters liked considered herself .
19,simple,local,c-command,1,b,rc_subj,number,daughter,girls,considered,herself,The daughter that the girls liked considered herself . <eos>,The daughter that the girls liked considered herself .
20,simple,local,c-command,1,a,none,none,girl,daughter,identified,herself,The girl that the daughter liked identified herself . <eos>,The girl that the daughter liked identified herself .
20,simple,local,c-command,1,b,none,none,daughter,girl,identified,herself,The daughter that the girl liked identified herself . <eos>,The daughter that the girl liked identified herself .
20,simple,local,no-c-command,0,a,matrix_subj,number,girls,daughter,identified,herself,The girls that the daughter liked identified herself . <eos>,The girls that the daughter liked identified herself .
20,simple,local,no-c-command,0,b,matrix_subj,number,daughters,girl,identified,herself,The daughters that the girl liked identified herself . <eos>,The daughters that the girl liked identified herself .
20,simple,local,c-command,1,a,rc_subj,number,girl,daughters,identified,herself,The girl that the daughters liked identified herself . <eos>,The girl that the daughters liked identified herself .
20,simple,local,c-command,1,b,rc_subj,number,daughter,girls,identified,herself,The daughter that the girls liked identified herself . <eos>,The daughter that the girls liked identified herself .
21,simple,local,c-command,1,a,none,none,girl,daughter,made,herself,The girl that the daughter liked made herself . <eos>,The girl that the daughter liked made herself .
21,simple,local,c-command,1,b,none,none,daughter,girl,made,herself,The daughter that the girl liked made herself . <eos>,The daughter that the girl liked made herself .
21,simple,local,no-c-command,0,a,matrix_subj,number,girls,daughter,made,herself,The girls that the daughter liked made herself . <eos>,The girls that the daughter liked made herself .
21,simple,local,no-c-command,0,b,matrix_subj,number,daughters,girl,made,herself,The daughters that the girl liked made herself . <eos>,The daughters that the girl liked made herself .
21,simple,local,c-command,1,a,rc_subj,number,girl,daughters,made,herself,The girl that the daughters liked made herself . <eos>,The girl that the daughters liked made herself .
21,simple,local,c-command,1,b,rc_subj,number,daughter,girls,made,herself,The daughter that the girls liked made herself . <eos>,The daughter that the girls liked made herself .
22,simple,local,c-command,1,a,none,none,girl,daughter,found,herself,The girl that the daughter liked found herself . <eos>,The girl that the daughter liked found herself .
22,simple,local,c-command,1,b,none,none,daughter,girl,found,herself,The daughter that the girl liked found herself . <eos>,The daughter that the girl liked found herself .
22,simple,local,no-c-command,0,a,matrix_subj,number,girls,daughter,found,herself,The girls that the daughter liked found herself . <eos>,The girls that the daughter liked found herself .
22,simple,local,no-c-command,0,b,matrix_subj,number,daughters,girl,found,herself,The daughters that the girl liked found herself . <eos>,The daughters that the girl liked found herself .
22,simple,local,c-command,1,a,rc_subj,number,girl,daughters,found,herself,The girl that the daughters liked found herself . <eos>,The girl that the daughters liked found herself .
22,simple,local,c-command,1,b,rc_subj,number,daughter,girls,found,herself,The daughter that the girls liked found herself . <eos>,The daughter that the girls liked found herself .
23,simple,local,c-command,1,a,none,none,girl,daughter,distinguished,herself,The girl that the daughter liked distinguished herself . <eos>,The girl that the daughter liked distinguished herself .
23,simple,local,c-command,1,b,none,none,daughter,girl,distinguished,herself,The daughter that the girl liked distinguished herself . <eos>,The daughter that the girl liked distinguished herself .
23,simple,local,no-c-command,0,a,matrix_subj,number,girls,daughter,distinguished,herself,The girls that the daughter liked distinguished herself . <eos>,The girls that the daughter liked distinguished herself .
23,simple,local,no-c-command,0,b,matrix_subj,number,daughters,girl,distinguished,herself,The daughters that the girl liked distinguished herself . <eos>,The daughters that the girl liked distinguished herself .
23,simple,local,c-command,1,a,rc_subj,number,girl,daughters,distinguished,herself,The girl that the daughters liked distinguished herself . <eos>,The girl that the daughters liked distinguished herself .
23,simple,local,c-command,1,b,rc_subj,number,daughter,girls,distinguished,herself,The daughter that the girls liked distinguished herself . <eos>,The daughter that the girls liked distinguished herself .
24,simple,local,c-command,1,a,none,none,girl,daughter,taught,herself,The girl that the daughter liked taught herself . <eos>,The girl that the daughter liked taught herself .
24,simple,local,c-command,1,b,none,none,daughter,girl,taught,herself,The daughter that the girl liked taught herself . <eos>,The daughter that the girl liked taught herself .
24,simple,local,no-c-command,0,a,matrix_subj,number,girls,daughter,taught,herself,The girls that the daughter liked taught herself . <eos>,The girls that the daughter liked taught herself .
24,simple,local,no-c-command,0,b,matrix_subj,number,daughters,girl,taught,herself,The daughters that the girl liked taught herself . <eos>,The daughters that the girl liked taught herself .
24,simple,local,c-command,1,a,rc_subj,number,girl,daughters,taught,herself,The girl that the daughters liked taught herself . <eos>,The girl that the daughters liked taught herself .
24,simple,local,c-command,1,b,rc_subj,number,daughter,girls,taught,herself,The daughter that the girls liked taught herself . <eos>,The daughter that the girls liked taught herself .
25,simple,local,c-command,1,a,none,none,girl,daughter,killed,herself,The girl that the daughter liked killed herself . <eos>,The girl that the daughter liked killed herself .
25,simple,local,c-command,1,b,none,none,daughter,girl,killed,herself,The daughter that the girl liked killed herself . <eos>,The daughter that the girl liked killed herself .
25,simple,local,no-c-command,0,a,matrix_subj,number,girls,daughter,killed,herself,The girls that the daughter liked killed herself . <eos>,The girls that the daughter liked killed herself .
25,simple,local,no-c-command,0,b,matrix_subj,number,daughters,girl,killed,herself,The daughters that the girl liked killed herself . <eos>,The daughters that the girl liked killed herself .
25,simple,local,c-command,1,a,rc_subj,number,girl,daughters,killed,herself,The girl that the daughters liked killed herself . <eos>,The girl that the daughters liked killed herself .
25,simple,local,c-command,1,b,rc_subj,number,daughter,girls,killed,herself,The daughter that the girls liked killed herself . <eos>,The daughter that the girls liked killed herself .
26,simple,local,c-command,1,a,none,none,girl,daughter,called,herself,The girl that the daughter liked called herself . <eos>,The girl that the daughter liked called herself .
26,simple,local,c-command,1,b,none,none,daughter,girl,called,herself,The daughter that the girl liked called herself . <eos>,The daughter that the girl liked called herself .
26,simple,local,no-c-command,0,a,matrix_subj,number,girls,daughter,called,herself,The girls that the daughter liked called herself . <eos>,The girls that the daughter liked called herself .
26,simple,local,no-c-command,0,b,matrix_subj,number,daughters,girl,called,herself,The daughters that the girl liked called herself . <eos>,The daughters that the girl liked called herself .
26,simple,local,c-command,1,a,rc_subj,number,girl,daughters,called,herself,The girl that the daughters liked called herself . <eos>,The girl that the daughters liked called herself .
26,simple,local,c-command,1,b,rc_subj,number,daughter,girls,called,herself,The daughter that the girls liked called herself . <eos>,The daughter that the girls liked called herself .
27,simple,local,c-command,1,a,none,none,girl,daughter,dedicated,herself,The girl that the daughter liked dedicated herself . <eos>,The girl that the daughter liked dedicated herself .
27,simple,local,c-command,1,b,none,none,daughter,girl,dedicated,herself,The daughter that the girl liked dedicated herself . <eos>,The daughter that the girl liked dedicated herself .
27,simple,local,no-c-command,0,a,matrix_subj,number,girls,daughter,dedicated,herself,The girls that the daughter liked dedicated herself . <eos>,The girls that the daughter liked dedicated herself .
27,simple,local,no-c-command,0,b,matrix_subj,number,daughters,girl,dedicated,herself,The daughters that the girl liked dedicated herself . <eos>,The daughters that the girl liked dedicated herself .
27,simple,local,c-command,1,a,rc_subj,number,girl,daughters,dedicated,herself,The girl that the daughters liked dedicated herself . <eos>,The girl that the daughters liked dedicated herself .
27,simple,local,c-command,1,b,rc_subj,number,daughter,girls,dedicated,herself,The daughter that the girls liked dedicated herself . <eos>,The daughter that the girls liked dedicated herself .
28,simple,local,c-command,1,a,none,none,girl,daughter,declared,herself,The girl that the daughter liked declared herself . <eos>,The girl that the daughter liked declared herself .
28,simple,local,c-command,1,b,none,none,daughter,girl,declared,herself,The daughter that the girl liked declared herself . <eos>,The daughter that the girl liked declared herself .
28,simple,local,no-c-command,0,a,matrix_subj,number,girls,daughter,declared,herself,The girls that the daughter liked declared herself . <eos>,The girls that the daughter liked declared herself .
28,simple,local,no-c-command,0,b,matrix_subj,number,daughters,girl,declared,herself,The daughters that the girl liked declared herself . <eos>,The daughters that the girl liked declared herself .
28,simple,local,c-command,1,a,rc_subj,number,girl,daughters,declared,herself,The girl that the daughters liked declared herself . <eos>,The girl that the daughters liked declared herself .
28,simple,local,c-command,1,b,rc_subj,number,daughter,girls,declared,herself,The daughter that the girls liked declared herself . <eos>,The daughter that the girls liked declared herself .
29,simple,local,c-command,1,a,none,none,girl,daughter,proved,herself,The girl that the daughter liked proved herself . <eos>,The girl that the daughter liked proved herself .
29,simple,local,c-command,1,b,none,none,daughter,girl,proved,herself,The daughter that the girl liked proved herself . <eos>,The daughter that the girl liked proved herself .
29,simple,local,no-c-command,0,a,matrix_subj,number,girls,daughter,proved,herself,The girls that the daughter liked proved herself . <eos>,The girls that the daughter liked proved herself .
29,simple,local,no-c-command,0,b,matrix_subj,number,daughters,girl,proved,herself,The daughters that the girl liked proved herself . <eos>,The daughters that the girl liked proved herself .
29,simple,local,c-command,1,a,rc_subj,number,girl,daughters,proved,herself,The girl that the daughters liked proved herself . <eos>,The girl that the daughters liked proved herself .
29,simple,local,c-command,1,b,rc_subj,number,daughter,girls,proved,herself,The daughter that the girls liked proved herself . <eos>,The daughter that the girls liked proved herself .
30,simple,local,c-command,1,a,none,none,girl,daughter,shot,herself,The girl that the daughter liked shot herself . <eos>,The girl that the daughter liked shot herself .
30,simple,local,c-command,1,b,none,none,daughter,girl,shot,herself,The daughter that the girl liked shot herself . <eos>,The daughter that the girl liked shot herself .
30,simple,local,no-c-command,0,a,matrix_subj,number,girls,daughter,shot,herself,The girls that the daughter liked shot herself . <eos>,The girls that the daughter liked shot herself .
30,simple,local,no-c-command,0,b,matrix_subj,number,daughters,girl,shot,herself,The daughters that the girl liked shot herself . <eos>,The daughters that the girl liked shot herself .
30,simple,local,c-command,1,a,rc_subj,number,girl,daughters,shot,herself,The girl that the daughters liked shot herself . <eos>,The girl that the daughters liked shot herself .
30,simple,local,c-command,1,b,rc_subj,number,daughter,girls,shot,herself,The daughter that the girls liked shot herself . <eos>,The daughter that the girls liked shot herself .
31,simple,local,c-command,1,a,none,none,girl,woman,saw,herself,The girl that the woman liked saw herself . <eos>,The girl that the woman liked saw herself .
31,simple,local,c-command,1,b,none,none,woman,girl,saw,herself,The woman that the girl liked saw herself . <eos>,The woman that the girl liked saw herself .
31,simple,local,no-c-command,0,a,matrix_subj,number,girls,woman,saw,herself,The girls that the woman liked saw herself . <eos>,The girls that the woman liked saw herself .
31,simple,local,no-c-command,0,b,matrix_subj,number,women,girl,saw,herself,The women that the girl liked saw herself . <eos>,The women that the girl liked saw herself .
31,simple,local,c-command,1,a,rc_subj,number,girl,women,saw,herself,The girl that the women liked saw herself . <eos>,The girl that the women liked saw herself .
31,simple,local,c-command,1,b,rc_subj,number,woman,girls,saw,herself,The woman that the girls liked saw herself . <eos>,The woman that the girls liked saw herself .
32,simple,local,c-command,1,a,none,none,girl,woman,established,herself,The girl that the woman liked established herself . <eos>,The girl that the woman liked established herself .
32,simple,local,c-command,1,b,none,none,woman,girl,established,herself,The woman that the girl liked established herself . <eos>,The woman that the girl liked established herself .
32,simple,local,no-c-command,0,a,matrix_subj,number,girls,woman,established,herself,The girls that the woman liked established herself . <eos>,The girls that the woman liked established herself .
32,simple,local,no-c-command,0,b,matrix_subj,number,women,girl,established,herself,The women that the girl liked established herself . <eos>,The women that the girl liked established herself .
32,simple,local,c-command,1,a,rc_subj,number,girl,women,established,herself,The girl that the women liked established herself . <eos>,The girl that the women liked established herself .
32,simple,local,c-command,1,b,rc_subj,number,woman,girls,established,herself,The woman that the girls liked established herself . <eos>,The woman that the girls liked established herself .
33,simple,local,c-command,1,a,none,none,girl,woman,devoted,herself,The girl that the woman liked devoted herself . <eos>,The girl that the woman liked devoted herself .
33,simple,local,c-command,1,b,none,none,woman,girl,devoted,herself,The woman that the girl liked devoted herself . <eos>,The woman that the girl liked devoted herself .
33,simple,local,no-c-command,0,a,matrix_subj,number,girls,woman,devoted,herself,The girls that the woman liked devoted herself . <eos>,The girls that the woman liked devoted herself .
33,simple,local,no-c-command,0,b,matrix_subj,number,women,girl,devoted,herself,The women that the girl liked devoted herself . <eos>,The women that the girl liked devoted herself .
33,simple,local,c-command,1,a,rc_subj,number,girl,women,devoted,herself,The girl that the women liked devoted herself . <eos>,The girl that the women liked devoted herself .
33,simple,local,c-command,1,b,rc_subj,number,woman,girls,devoted,herself,The woman that the girls liked devoted herself . <eos>,The woman that the girls liked devoted herself .
34,simple,local,c-command,1,a,none,none,girl,woman,considered,herself,The girl that the woman liked considered herself . <eos>,The girl that the woman liked considered herself .
34,simple,local,c-command,1,b,none,none,woman,girl,considered,herself,The woman that the girl liked considered herself . <eos>,The woman that the girl liked considered herself .
34,simple,local,no-c-command,0,a,matrix_subj,number,girls,woman,considered,herself,The girls that the woman liked considered herself . <eos>,The girls that the woman liked considered herself .
34,simple,local,no-c-command,0,b,matrix_subj,number,women,girl,considered,herself,The women that the girl liked considered herself . <eos>,The women that the girl liked considered herself .
34,simple,local,c-command,1,a,rc_subj,number,girl,women,considered,herself,The girl that the women liked considered herself . <eos>,The girl that the women liked considered herself .
34,simple,local,c-command,1,b,rc_subj,number,woman,girls,considered,herself,The woman that the girls liked considered herself . <eos>,The woman that the girls liked considered herself .
35,simple,local,c-command,1,a,none,none,girl,woman,identified,herself,The girl that the woman liked identified herself . <eos>,The girl that the woman liked identified herself .
35,simple,local,c-command,1,b,none,none,woman,girl,identified,herself,The woman that the girl liked identified herself . <eos>,The woman that the girl liked identified herself .
35,simple,local,no-c-command,0,a,matrix_subj,number,girls,woman,identified,herself,The girls that the woman liked identified herself . <eos>,The girls that the woman liked identified herself .
35,simple,local,no-c-command,0,b,matrix_subj,number,women,girl,identified,herself,The women that the girl liked identified herself . <eos>,The women that the girl liked identified herself .
35,simple,local,c-command,1,a,rc_subj,number,girl,women,identified,herself,The girl that the women liked identified herself . <eos>,The girl that the women liked identified herself .
35,simple,local,c-command,1,b,rc_subj,number,woman,girls,identified,herself,The woman that the girls liked identified herself . <eos>,The woman that the girls liked identified herself .
36,simple,local,c-command,1,a,none,none,girl,woman,made,herself,The girl that the woman liked made herself . <eos>,The girl that the woman liked made herself .
36,simple,local,c-command,1,b,none,none,woman,girl,made,herself,The woman that the girl liked made herself . <eos>,The woman that the girl liked made herself .
36,simple,local,no-c-command,0,a,matrix_subj,number,girls,woman,made,herself,The girls that the woman liked made herself . <eos>,The girls that the woman liked made herself .
36,simple,local,no-c-command,0,b,matrix_subj,number,women,girl,made,herself,The women that the girl liked made herself . <eos>,The women that the girl liked made herself .
36,simple,local,c-command,1,a,rc_subj,number,girl,women,made,herself,The girl that the women liked made herself . <eos>,The girl that the women liked made herself .
36,simple,local,c-command,1,b,rc_subj,number,woman,girls,made,herself,The woman that the girls liked made herself . <eos>,The woman that the girls liked made herself .
37,simple,local,c-command,1,a,none,none,girl,woman,found,herself,The girl that the woman liked found herself . <eos>,The girl that the woman liked found herself .
37,simple,local,c-command,1,b,none,none,woman,girl,found,herself,The woman that the girl liked found herself . <eos>,The woman that the girl liked found herself .
37,simple,local,no-c-command,0,a,matrix_subj,number,girls,woman,found,herself,The girls that the woman liked found herself . <eos>,The girls that the woman liked found herself .
37,simple,local,no-c-command,0,b,matrix_subj,number,women,girl,found,herself,The women that the girl liked found herself . <eos>,The women that the girl liked found herself .
37,simple,local,c-command,1,a,rc_subj,number,girl,women,found,herself,The girl that the women liked found herself . <eos>,The girl that the women liked found herself .
37,simple,local,c-command,1,b,rc_subj,number,woman,girls,found,herself,The woman that the girls liked found herself . <eos>,The woman that the girls liked found herself .
38,simple,local,c-command,1,a,none,none,girl,woman,distinguished,herself,The girl that the woman liked distinguished herself . <eos>,The girl that the woman liked distinguished herself .
38,simple,local,c-command,1,b,none,none,woman,girl,distinguished,herself,The woman that the girl liked distinguished herself . <eos>,The woman that the girl liked distinguished herself .
38,simple,local,no-c-command,0,a,matrix_subj,number,girls,woman,distinguished,herself,The girls that the woman liked distinguished herself . <eos>,The girls that the woman liked distinguished herself .
38,simple,local,no-c-command,0,b,matrix_subj,number,women,girl,distinguished,herself,The women that the girl liked distinguished herself . <eos>,The women that the girl liked distinguished herself .
38,simple,local,c-command,1,a,rc_subj,number,girl,women,distinguished,herself,The girl that the women liked distinguished herself . <eos>,The girl that the women liked distinguished herself .
38,simple,local,c-command,1,b,rc_subj,number,woman,girls,distinguished,herself,The woman that the girls liked distinguished herself . <eos>,The woman that the girls liked distinguished herself .
39,simple,local,c-command,1,a,none,none,girl,woman,taught,herself,The girl that the woman liked taught herself . <eos>,The girl that the woman liked taught herself .
39,simple,local,c-command,1,b,none,none,woman,girl,taught,herself,The woman that the girl liked taught herself . <eos>,The woman that the girl liked taught herself .
39,simple,local,no-c-command,0,a,matrix_subj,number,girls,woman,taught,herself,The girls that the woman liked taught herself . <eos>,The girls that the woman liked taught herself .
39,simple,local,no-c-command,0,b,matrix_subj,number,women,girl,taught,herself,The women that the girl liked taught herself . <eos>,The women that the girl liked taught herself .
39,simple,local,c-command,1,a,rc_subj,number,girl,women,taught,herself,The girl that the women liked taught herself . <eos>,The girl that the women liked taught herself .
39,simple,local,c-command,1,b,rc_subj,number,woman,girls,taught,herself,The woman that the girls liked taught herself . <eos>,The woman that the girls liked taught herself .
40,simple,local,c-command,1,a,none,none,girl,woman,killed,herself,The girl that the woman liked killed herself . <eos>,The girl that the woman liked killed herself .
40,simple,local,c-command,1,b,none,none,woman,girl,killed,herself,The woman that the girl liked killed herself . <eos>,The woman that the girl liked killed herself .
40,simple,local,no-c-command,0,a,matrix_subj,number,girls,woman,killed,herself,The girls that the woman liked killed herself . <eos>,The girls that the woman liked killed herself .
40,simple,local,no-c-command,0,b,matrix_subj,number,women,girl,killed,herself,The women that the girl liked killed herself . <eos>,The women that the girl liked killed herself .
40,simple,local,c-command,1,a,rc_subj,number,girl,women,killed,herself,The girl that the women liked killed herself . <eos>,The girl that the women liked killed herself .
40,simple,local,c-command,1,b,rc_subj,number,woman,girls,killed,herself,The woman that the girls liked killed herself . <eos>,The woman that the girls liked killed herself .
41,simple,local,c-command,1,a,none,none,girl,woman,called,herself,The girl that the woman liked called herself . <eos>,The girl that the woman liked called herself .
41,simple,local,c-command,1,b,none,none,woman,girl,called,herself,The woman that the girl liked called herself . <eos>,The woman that the girl liked called herself .
41,simple,local,no-c-command,0,a,matrix_subj,number,girls,woman,called,herself,The girls that the woman liked called herself . <eos>,The girls that the woman liked called herself .
41,simple,local,no-c-command,0,b,matrix_subj,number,women,girl,called,herself,The women that the girl liked called herself . <eos>,The women that the girl liked called herself .
41,simple,local,c-command,1,a,rc_subj,number,girl,women,called,herself,The girl that the women liked called herself . <eos>,The girl that the women liked called herself .
41,simple,local,c-command,1,b,rc_subj,number,woman,girls,called,herself,The woman that the girls liked called herself . <eos>,The woman that the girls liked called herself .
42,simple,local,c-command,1,a,none,none,girl,woman,dedicated,herself,The girl that the woman liked dedicated herself . <eos>,The girl that the woman liked dedicated herself .
42,simple,local,c-command,1,b,none,none,woman,girl,dedicated,herself,The woman that the girl liked dedicated herself . <eos>,The woman that the girl liked dedicated herself .
42,simple,local,no-c-command,0,a,matrix_subj,number,girls,woman,dedicated,herself,The girls that the woman liked dedicated herself . <eos>,The girls that the woman liked dedicated herself .
42,simple,local,no-c-command,0,b,matrix_subj,number,women,girl,dedicated,herself,The women that the girl liked dedicated herself . <eos>,The women that the girl liked dedicated herself .
42,simple,local,c-command,1,a,rc_subj,number,girl,women,dedicated,herself,The girl that the women liked dedicated herself . <eos>,The girl that the women liked dedicated herself .
42,simple,local,c-command,1,b,rc_subj,number,woman,girls,dedicated,herself,The woman that the girls liked dedicated herself . <eos>,The woman that the girls liked dedicated herself .
43,simple,local,c-command,1,a,none,none,girl,woman,declared,herself,The girl that the woman liked declared herself . <eos>,The girl that the woman liked declared herself .
43,simple,local,c-command,1,b,none,none,woman,girl,declared,herself,The woman that the girl liked declared herself . <eos>,The woman that the girl liked declared herself .
43,simple,local,no-c-command,0,a,matrix_subj,number,girls,woman,declared,herself,The girls that the woman liked declared herself . <eos>,The girls that the woman liked declared herself .
43,simple,local,no-c-command,0,b,matrix_subj,number,women,girl,declared,herself,The women that the girl liked declared herself . <eos>,The women that the girl liked declared herself .
43,simple,local,c-command,1,a,rc_subj,number,girl,women,declared,herself,The girl that the women liked declared herself . <eos>,The girl that the women liked declared herself .
43,simple,local,c-command,1,b,rc_subj,number,woman,girls,declared,herself,The woman that the girls liked declared herself . <eos>,The woman that the girls liked declared herself .
44,simple,local,c-command,1,a,none,none,girl,woman,proved,herself,The girl that the woman liked proved herself . <eos>,The girl that the woman liked proved herself .
44,simple,local,c-command,1,b,none,none,woman,girl,proved,herself,The woman that the girl liked proved herself . <eos>,The woman that the girl liked proved herself .
44,simple,local,no-c-command,0,a,matrix_subj,number,girls,woman,proved,herself,The girls that the woman liked proved herself . <eos>,The girls that the woman liked proved herself .
44,simple,local,no-c-command,0,b,matrix_subj,number,women,girl,proved,herself,The women that the girl liked proved herself . <eos>,The women that the girl liked proved herself .
44,simple,local,c-command,1,a,rc_subj,number,girl,women,proved,herself,The girl that the women liked proved herself . <eos>,The girl that the women liked proved herself .
44,simple,local,c-command,1,b,rc_subj,number,woman,girls,proved,herself,The woman that the girls liked proved herself . <eos>,The woman that the girls liked proved herself .
45,simple,local,c-command,1,a,none,none,girl,woman,shot,herself,The girl that the woman liked shot herself . <eos>,The girl that the woman liked shot herself .
45,simple,local,c-command,1,b,none,none,woman,girl,shot,herself,The woman that the girl liked shot herself . <eos>,The woman that the girl liked shot herself .
45,simple,local,no-c-command,0,a,matrix_subj,number,girls,woman,shot,herself,The girls that the woman liked shot herself . <eos>,The girls that the woman liked shot herself .
45,simple,local,no-c-command,0,b,matrix_subj,number,women,girl,shot,herself,The women that the girl liked shot herself . <eos>,The women that the girl liked shot herself .
45,simple,local,c-command,1,a,rc_subj,number,girl,women,shot,herself,The girl that the women liked shot herself . <eos>,The girl that the women liked shot herself .
45,simple,local,c-command,1,b,rc_subj,number,woman,girls,shot,herself,The woman that the girls liked shot herself . <eos>,The woman that the girls liked shot herself .
46,simple,local,c-command,1,a,none,none,girl,wife,saw,herself,The girl that the wife liked saw herself . <eos>,The girl that the wife liked saw herself .
46,simple,local,c-command,1,b,none,none,wife,girl,saw,herself,The wife that the girl liked saw herself . <eos>,The wife that the girl liked saw herself .
46,simple,local,no-c-command,0,a,matrix_subj,number,girls,wife,saw,herself,The girls that the wife liked saw herself . <eos>,The girls that the wife liked saw herself .
46,simple,local,no-c-command,0,b,matrix_subj,number,wives,girl,saw,herself,The wives that the girl liked saw herself . <eos>,The wives that the girl liked saw herself .
46,simple,local,c-command,1,a,rc_subj,number,girl,wives,saw,herself,The girl that the wives liked saw herself . <eos>,The girl that the wives liked saw herself .
46,simple,local,c-command,1,b,rc_subj,number,wife,girls,saw,herself,The wife that the girls liked saw herself . <eos>,The wife that the girls liked saw herself .
47,simple,local,c-command,1,a,none,none,girl,wife,established,herself,The girl that the wife liked established herself . <eos>,The girl that the wife liked established herself .
47,simple,local,c-command,1,b,none,none,wife,girl,established,herself,The wife that the girl liked established herself . <eos>,The wife that the girl liked established herself .
47,simple,local,no-c-command,0,a,matrix_subj,number,girls,wife,established,herself,The girls that the wife liked established herself . <eos>,The girls that the wife liked established herself .
47,simple,local,no-c-command,0,b,matrix_subj,number,wives,girl,established,herself,The wives that the girl liked established herself . <eos>,The wives that the girl liked established herself .
47,simple,local,c-command,1,a,rc_subj,number,girl,wives,established,herself,The girl that the wives liked established herself . <eos>,The girl that the wives liked established herself .
47,simple,local,c-command,1,b,rc_subj,number,wife,girls,established,herself,The wife that the girls liked established herself . <eos>,The wife that the girls liked established herself .
48,simple,local,c-command,1,a,none,none,girl,wife,devoted,herself,The girl that the wife liked devoted herself . <eos>,The girl that the wife liked devoted herself .
48,simple,local,c-command,1,b,none,none,wife,girl,devoted,herself,The wife that the girl liked devoted herself . <eos>,The wife that the girl liked devoted herself .
48,simple,local,no-c-command,0,a,matrix_subj,number,girls,wife,devoted,herself,The girls that the wife liked devoted herself . <eos>,The girls that the wife liked devoted herself .
48,simple,local,no-c-command,0,b,matrix_subj,number,wives,girl,devoted,herself,The wives that the girl liked devoted herself . <eos>,The wives that the girl liked devoted herself .
48,simple,local,c-command,1,a,rc_subj,number,girl,wives,devoted,herself,The girl that the wives liked devoted herself . <eos>,The girl that the wives liked devoted herself .
48,simple,local,c-command,1,b,rc_subj,number,wife,girls,devoted,herself,The wife that the girls liked devoted herself . <eos>,The wife that the girls liked devoted herself .
49,simple,local,c-command,1,a,none,none,girl,wife,considered,herself,The girl that the wife liked considered herself . <eos>,The girl that the wife liked considered herself .
49,simple,local,c-command,1,b,none,none,wife,girl,considered,herself,The wife that the girl liked considered herself . <eos>,The wife that the girl liked considered herself .
49,simple,local,no-c-command,0,a,matrix_subj,number,girls,wife,considered,herself,The girls that the wife liked considered herself . <eos>,The girls that the wife liked considered herself .
49,simple,local,no-c-command,0,b,matrix_subj,number,wives,girl,considered,herself,The wives that the girl liked considered herself . <eos>,The wives that the girl liked considered herself .
49,simple,local,c-command,1,a,rc_subj,number,girl,wives,considered,herself,The girl that the wives liked considered herself . <eos>,The girl that the wives liked considered herself .
49,simple,local,c-command,1,b,rc_subj,number,wife,girls,considered,herself,The wife that the girls liked considered herself . <eos>,The wife that the girls liked considered herself .
50,simple,local,c-command,1,a,none,none,girl,wife,identified,herself,The girl that the wife liked identified herself . <eos>,The girl that the wife liked identified herself .
50,simple,local,c-command,1,b,none,none,wife,girl,identified,herself,The wife that the girl liked identified herself . <eos>,The wife that the girl liked identified herself .
50,simple,local,no-c-command,0,a,matrix_subj,number,girls,wife,identified,herself,The girls that the wife liked identified herself . <eos>,The girls that the wife liked identified herself .
50,simple,local,no-c-command,0,b,matrix_subj,number,wives,girl,identified,herself,The wives that the girl liked identified herself . <eos>,The wives that the girl liked identified herself .
50,simple,local,c-command,1,a,rc_subj,number,girl,wives,identified,herself,The girl that the wives liked identified herself . <eos>,The girl that the wives liked identified herself .
50,simple,local,c-command,1,b,rc_subj,number,wife,girls,identified,herself,The wife that the girls liked identified herself . <eos>,The wife that the girls liked identified herself .
51,simple,local,c-command,1,a,none,none,girl,wife,made,herself,The girl that the wife liked made herself . <eos>,The girl that the wife liked made herself .
51,simple,local,c-command,1,b,none,none,wife,girl,made,herself,The wife that the girl liked made herself . <eos>,The wife that the girl liked made herself .
51,simple,local,no-c-command,0,a,matrix_subj,number,girls,wife,made,herself,The girls that the wife liked made herself . <eos>,The girls that the wife liked made herself .
51,simple,local,no-c-command,0,b,matrix_subj,number,wives,girl,made,herself,The wives that the girl liked made herself . <eos>,The wives that the girl liked made herself .
51,simple,local,c-command,1,a,rc_subj,number,girl,wives,made,herself,The girl that the wives liked made herself . <eos>,The girl that the wives liked made herself .
51,simple,local,c-command,1,b,rc_subj,number,wife,girls,made,herself,The wife that the girls liked made herself . <eos>,The wife that the girls liked made herself .
52,simple,local,c-command,1,a,none,none,girl,wife,found,herself,The girl that the wife liked found herself . <eos>,The girl that the wife liked found herself .
52,simple,local,c-command,1,b,none,none,wife,girl,found,herself,The wife that the girl liked found herself . <eos>,The wife that the girl liked found herself .
52,simple,local,no-c-command,0,a,matrix_subj,number,girls,wife,found,herself,The girls that the wife liked found herself . <eos>,The girls that the wife liked found herself .
52,simple,local,no-c-command,0,b,matrix_subj,number,wives,girl,found,herself,The wives that the girl liked found herself . <eos>,The wives that the girl liked found herself .
52,simple,local,c-command,1,a,rc_subj,number,girl,wives,found,herself,The girl that the wives liked found herself . <eos>,The girl that the wives liked found herself .
52,simple,local,c-command,1,b,rc_subj,number,wife,girls,found,herself,The wife that the girls liked found herself . <eos>,The wife that the girls liked found herself .
53,simple,local,c-command,1,a,none,none,girl,wife,distinguished,herself,The girl that the wife liked distinguished herself . <eos>,The girl that the wife liked distinguished herself .
53,simple,local,c-command,1,b,none,none,wife,girl,distinguished,herself,The wife that the girl liked distinguished herself . <eos>,The wife that the girl liked distinguished herself .
53,simple,local,no-c-command,0,a,matrix_subj,number,girls,wife,distinguished,herself,The girls that the wife liked distinguished herself . <eos>,The girls that the wife liked distinguished herself .
53,simple,local,no-c-command,0,b,matrix_subj,number,wives,girl,distinguished,herself,The wives that the girl liked distinguished herself . <eos>,The wives that the girl liked distinguished herself .
53,simple,local,c-command,1,a,rc_subj,number,girl,wives,distinguished,herself,The girl that the wives liked distinguished herself . <eos>,The girl that the wives liked distinguished herself .
53,simple,local,c-command,1,b,rc_subj,number,wife,girls,distinguished,herself,The wife that the girls liked distinguished herself . <eos>,The wife that the girls liked distinguished herself .
54,simple,local,c-command,1,a,none,none,girl,wife,taught,herself,The girl that the wife liked taught herself . <eos>,The girl that the wife liked taught herself .
54,simple,local,c-command,1,b,none,none,wife,girl,taught,herself,The wife that the girl liked taught herself . <eos>,The wife that the girl liked taught herself .
54,simple,local,no-c-command,0,a,matrix_subj,number,girls,wife,taught,herself,The girls that the wife liked taught herself . <eos>,The girls that the wife liked taught herself .
54,simple,local,no-c-command,0,b,matrix_subj,number,wives,girl,taught,herself,The wives that the girl liked taught herself . <eos>,The wives that the girl liked taught herself .
54,simple,local,c-command,1,a,rc_subj,number,girl,wives,taught,herself,The girl that the wives liked taught herself . <eos>,The girl that the wives liked taught herself .
54,simple,local,c-command,1,b,rc_subj,number,wife,girls,taught,herself,The wife that the girls liked taught herself . <eos>,The wife that the girls liked taught herself .
55,simple,local,c-command,1,a,none,none,girl,wife,killed,herself,The girl that the wife liked killed herself . <eos>,The girl that the wife liked killed herself .
55,simple,local,c-command,1,b,none,none,wife,girl,killed,herself,The wife that the girl liked killed herself . <eos>,The wife that the girl liked killed herself .
55,simple,local,no-c-command,0,a,matrix_subj,number,girls,wife,killed,herself,The girls that the wife liked killed herself . <eos>,The girls that the wife liked killed herself .
55,simple,local,no-c-command,0,b,matrix_subj,number,wives,girl,killed,herself,The wives that the girl liked killed herself . <eos>,The wives that the girl liked killed herself .
55,simple,local,c-command,1,a,rc_subj,number,girl,wives,killed,herself,The girl that the wives liked killed herself . <eos>,The girl that the wives liked killed herself .
55,simple,local,c-command,1,b,rc_subj,number,wife,girls,killed,herself,The wife that the girls liked killed herself . <eos>,The wife that the girls liked killed herself .
56,simple,local,c-command,1,a,none,none,girl,wife,called,herself,The girl that the wife liked called herself . <eos>,The girl that the wife liked called herself .
56,simple,local,c-command,1,b,none,none,wife,girl,called,herself,The wife that the girl liked called herself . <eos>,The wife that the girl liked called herself .
56,simple,local,no-c-command,0,a,matrix_subj,number,girls,wife,called,herself,The girls that the wife liked called herself . <eos>,The girls that the wife liked called herself .
56,simple,local,no-c-command,0,b,matrix_subj,number,wives,girl,called,herself,The wives that the girl liked called herself . <eos>,The wives that the girl liked called herself .
56,simple,local,c-command,1,a,rc_subj,number,girl,wives,called,herself,The girl that the wives liked called herself . <eos>,The girl that the wives liked called herself .
56,simple,local,c-command,1,b,rc_subj,number,wife,girls,called,herself,The wife that the girls liked called herself . <eos>,The wife that the girls liked called herself .
57,simple,local,c-command,1,a,none,none,girl,wife,dedicated,herself,The girl that the wife liked dedicated herself . <eos>,The girl that the wife liked dedicated herself .
57,simple,local,c-command,1,b,none,none,wife,girl,dedicated,herself,The wife that the girl liked dedicated herself . <eos>,The wife that the girl liked dedicated herself .
57,simple,local,no-c-command,0,a,matrix_subj,number,girls,wife,dedicated,herself,The girls that the wife liked dedicated herself . <eos>,The girls that the wife liked dedicated herself .
57,simple,local,no-c-command,0,b,matrix_subj,number,wives,girl,dedicated,herself,The wives that the girl liked dedicated herself . <eos>,The wives that the girl liked dedicated herself .
57,simple,local,c-command,1,a,rc_subj,number,girl,wives,dedicated,herself,The girl that the wives liked dedicated herself . <eos>,The girl that the wives liked dedicated herself .
57,simple,local,c-command,1,b,rc_subj,number,wife,girls,dedicated,herself,The wife that the girls liked dedicated herself . <eos>,The wife that the girls liked dedicated herself .
58,simple,local,c-command,1,a,none,none,girl,wife,declared,herself,The girl that the wife liked declared herself . <eos>,The girl that the wife liked declared herself .
58,simple,local,c-command,1,b,none,none,wife,girl,declared,herself,The wife that the girl liked declared herself . <eos>,The wife that the girl liked declared herself .
58,simple,local,no-c-command,0,a,matrix_subj,number,girls,wife,declared,herself,The girls that the wife liked declared herself . <eos>,The girls that the wife liked declared herself .
58,simple,local,no-c-command,0,b,matrix_subj,number,wives,girl,declared,herself,The wives that the girl liked declared herself . <eos>,The wives that the girl liked declared herself .
58,simple,local,c-command,1,a,rc_subj,number,girl,wives,declared,herself,The girl that the wives liked declared herself . <eos>,The girl that the wives liked declared herself .
58,simple,local,c-command,1,b,rc_subj,number,wife,girls,declared,herself,The wife that the girls liked declared herself . <eos>,The wife that the girls liked declared herself .
59,simple,local,c-command,1,a,none,none,girl,wife,proved,herself,The girl that the wife liked proved herself . <eos>,The girl that the wife liked proved herself .
59,simple,local,c-command,1,b,none,none,wife,girl,proved,herself,The wife that the girl liked proved herself . <eos>,The wife that the girl liked proved herself .
59,simple,local,no-c-command,0,a,matrix_subj,number,girls,wife,proved,herself,The girls that the wife liked proved herself . <eos>,The girls that the wife liked proved herself .
59,simple,local,no-c-command,0,b,matrix_subj,number,wives,girl,proved,herself,The wives that the girl liked proved herself . <eos>,The wives that the girl liked proved herself .
59,simple,local,c-command,1,a,rc_subj,number,girl,wives,proved,herself,The girl that the wives liked proved herself . <eos>,The girl that the wives liked proved herself .
59,simple,local,c-command,1,b,rc_subj,number,wife,girls,proved,herself,The wife that the girls liked proved herself . <eos>,The wife that the girls liked proved herself .
60,simple,local,c-command,1,a,none,none,girl,wife,shot,herself,The girl that the wife liked shot herself . <eos>,The girl that the wife liked shot herself .
60,simple,local,c-command,1,b,none,none,wife,girl,shot,herself,The wife that the girl liked shot herself . <eos>,The wife that the girl liked shot herself .
60,simple,local,no-c-command,0,a,matrix_subj,number,girls,wife,shot,herself,The girls that the wife liked shot herself . <eos>,The girls that the wife liked shot herself .
60,simple,local,no-c-command,0,b,matrix_subj,number,wives,girl,shot,herself,The wives that the girl liked shot herself . <eos>,The wives that the girl liked shot herself .
60,simple,local,c-command,1,a,rc_subj,number,girl,wives,shot,herself,The girl that the wives liked shot herself . <eos>,The girl that the wives liked shot herself .
60,simple,local,c-command,1,b,rc_subj,number,wife,girls,shot,herself,The wife that the girls liked shot herself . <eos>,The wife that the girls liked shot herself .
61,simple,local,c-command,1,a,none,none,girl,wife,saw,herself,The girl that the wife liked saw herself . <eos>,The girl that the wife liked saw herself .
61,simple,local,c-command,1,b,none,none,wife,girl,saw,herself,The wife that the girl liked saw herself . <eos>,The wife that the girl liked saw herself .
61,simple,local,no-c-command,0,a,matrix_subj,number,girls,wife,saw,herself,The girls that the wife liked saw herself . <eos>,The girls that the wife liked saw herself .
61,simple,local,no-c-command,0,b,matrix_subj,number,wives,girl,saw,herself,The wives that the girl liked saw herself . <eos>,The wives that the girl liked saw herself .
61,simple,local,c-command,1,a,rc_subj,number,girl,wives,saw,herself,The girl that the wives liked saw herself . <eos>,The girl that the wives liked saw herself .
61,simple,local,c-command,1,b,rc_subj,number,wife,girls,saw,herself,The wife that the girls liked saw herself . <eos>,The wife that the girls liked saw herself .
62,simple,local,c-command,1,a,none,none,girl,wife,established,herself,The girl that the wife liked established herself . <eos>,The girl that the wife liked established herself .
62,simple,local,c-command,1,b,none,none,wife,girl,established,herself,The wife that the girl liked established herself . <eos>,The wife that the girl liked established herself .
62,simple,local,no-c-command,0,a,matrix_subj,number,girls,wife,established,herself,The girls that the wife liked established herself . <eos>,The girls that the wife liked established herself .
62,simple,local,no-c-command,0,b,matrix_subj,number,wives,girl,established,herself,The wives that the girl liked established herself . <eos>,The wives that the girl liked established herself .
62,simple,local,c-command,1,a,rc_subj,number,girl,wives,established,herself,The girl that the wives liked established herself . <eos>,The girl that the wives liked established herself .
62,simple,local,c-command,1,b,rc_subj,number,wife,girls,established,herself,The wife that the girls liked established herself . <eos>,The wife that the girls liked established herself .
63,simple,local,c-command,1,a,none,none,girl,wife,devoted,herself,The girl that the wife liked devoted herself . <eos>,The girl that the wife liked devoted herself .
63,simple,local,c-command,1,b,none,none,wife,girl,devoted,herself,The wife that the girl liked devoted herself . <eos>,The wife that the girl liked devoted herself .
63,simple,local,no-c-command,0,a,matrix_subj,number,girls,wife,devoted,herself,The girls that the wife liked devoted herself . <eos>,The girls that the wife liked devoted herself .
63,simple,local,no-c-command,0,b,matrix_subj,number,wives,girl,devoted,herself,The wives that the girl liked devoted herself . <eos>,The wives that the girl liked devoted herself .
63,simple,local,c-command,1,a,rc_subj,number,girl,wives,devoted,herself,The girl that the wives liked devoted herself . <eos>,The girl that the wives liked devoted herself .
63,simple,local,c-command,1,b,rc_subj,number,wife,girls,devoted,herself,The wife that the girls liked devoted herself . <eos>,The wife that the girls liked devoted herself .
64,simple,local,c-command,1,a,none,none,girl,wife,considered,herself,The girl that the wife liked considered herself . <eos>,The girl that the wife liked considered herself .
64,simple,local,c-command,1,b,none,none,wife,girl,considered,herself,The wife that the girl liked considered herself . <eos>,The wife that the girl liked considered herself .
64,simple,local,no-c-command,0,a,matrix_subj,number,girls,wife,considered,herself,The girls that the wife liked considered herself . <eos>,The girls that the wife liked considered herself .
64,simple,local,no-c-command,0,b,matrix_subj,number,wives,girl,considered,herself,The wives that the girl liked considered herself . <eos>,The wives that the girl liked considered herself .
64,simple,local,c-command,1,a,rc_subj,number,girl,wives,considered,herself,The girl that the wives liked considered herself . <eos>,The girl that the wives liked considered herself .
64,simple,local,c-command,1,b,rc_subj,number,wife,girls,considered,herself,The wife that the girls liked considered herself . <eos>,The wife that the girls liked considered herself .
65,simple,local,c-command,1,a,none,none,girl,wife,identified,herself,The girl that the wife liked identified herself . <eos>,The girl that the wife liked identified herself .
65,simple,local,c-command,1,b,none,none,wife,girl,identified,herself,The wife that the girl liked identified herself . <eos>,The wife that the girl liked identified herself .
65,simple,local,no-c-command,0,a,matrix_subj,number,girls,wife,identified,herself,The girls that the wife liked identified herself . <eos>,The girls that the wife liked identified herself .
65,simple,local,no-c-command,0,b,matrix_subj,number,wives,girl,identified,herself,The wives that the girl liked identified herself . <eos>,The wives that the girl liked identified herself .
65,simple,local,c-command,1,a,rc_subj,number,girl,wives,identified,herself,The girl that the wives liked identified herself . <eos>,The girl that the wives liked identified herself .
65,simple,local,c-command,1,b,rc_subj,number,wife,girls,identified,herself,The wife that the girls liked identified herself . <eos>,The wife that the girls liked identified herself .
66,simple,local,c-command,1,a,none,none,girl,wife,made,herself,The girl that the wife liked made herself . <eos>,The girl that the wife liked made herself .
66,simple,local,c-command,1,b,none,none,wife,girl,made,herself,The wife that the girl liked made herself . <eos>,The wife that the girl liked made herself .
66,simple,local,no-c-command,0,a,matrix_subj,number,girls,wife,made,herself,The girls that the wife liked made herself . <eos>,The girls that the wife liked made herself .
66,simple,local,no-c-command,0,b,matrix_subj,number,wives,girl,made,herself,The wives that the girl liked made herself . <eos>,The wives that the girl liked made herself .
66,simple,local,c-command,1,a,rc_subj,number,girl,wives,made,herself,The girl that the wives liked made herself . <eos>,The girl that the wives liked made herself .
66,simple,local,c-command,1,b,rc_subj,number,wife,girls,made,herself,The wife that the girls liked made herself . <eos>,The wife that the girls liked made herself .
67,simple,local,c-command,1,a,none,none,girl,wife,found,herself,The girl that the wife liked found herself . <eos>,The girl that the wife liked found herself .
67,simple,local,c-command,1,b,none,none,wife,girl,found,herself,The wife that the girl liked found herself . <eos>,The wife that the girl liked found herself .
67,simple,local,no-c-command,0,a,matrix_subj,number,girls,wife,found,herself,The girls that the wife liked found herself . <eos>,The girls that the wife liked found herself .
67,simple,local,no-c-command,0,b,matrix_subj,number,wives,girl,found,herself,The wives that the girl liked found herself . <eos>,The wives that the girl liked found herself .
67,simple,local,c-command,1,a,rc_subj,number,girl,wives,found,herself,The girl that the wives liked found herself . <eos>,The girl that the wives liked found herself .
67,simple,local,c-command,1,b,rc_subj,number,wife,girls,found,herself,The wife that the girls liked found herself . <eos>,The wife that the girls liked found herself .
68,simple,local,c-command,1,a,none,none,girl,wife,distinguished,herself,The girl that the wife liked distinguished herself . <eos>,The girl that the wife liked distinguished herself .
68,simple,local,c-command,1,b,none,none,wife,girl,distinguished,herself,The wife that the girl liked distinguished herself . <eos>,The wife that the girl liked distinguished herself .
68,simple,local,no-c-command,0,a,matrix_subj,number,girls,wife,distinguished,herself,The girls that the wife liked distinguished herself . <eos>,The girls that the wife liked distinguished herself .
68,simple,local,no-c-command,0,b,matrix_subj,number,wives,girl,distinguished,herself,The wives that the girl liked distinguished herself . <eos>,The wives that the girl liked distinguished herself .
68,simple,local,c-command,1,a,rc_subj,number,girl,wives,distinguished,herself,The girl that the wives liked distinguished herself . <eos>,The girl that the wives liked distinguished herself .
68,simple,local,c-command,1,b,rc_subj,number,wife,girls,distinguished,herself,The wife that the girls liked distinguished herself . <eos>,The wife that the girls liked distinguished herself .
69,simple,local,c-command,1,a,none,none,girl,wife,taught,herself,The girl that the wife liked taught herself . <eos>,The girl that the wife liked taught herself .
69,simple,local,c-command,1,b,none,none,wife,girl,taught,herself,The wife that the girl liked taught herself . <eos>,The wife that the girl liked taught herself .
69,simple,local,no-c-command,0,a,matrix_subj,number,girls,wife,taught,herself,The girls that the wife liked taught herself . <eos>,The girls that the wife liked taught herself .
69,simple,local,no-c-command,0,b,matrix_subj,number,wives,girl,taught,herself,The wives that the girl liked taught herself . <eos>,The wives that the girl liked taught herself .
69,simple,local,c-command,1,a,rc_subj,number,girl,wives,taught,herself,The girl that the wives liked taught herself . <eos>,The girl that the wives liked taught herself .
69,simple,local,c-command,1,b,rc_subj,number,wife,girls,taught,herself,The wife that the girls liked taught herself . <eos>,The wife that the girls liked taught herself .
70,simple,local,c-command,1,a,none,none,girl,wife,killed,herself,The girl that the wife liked killed herself . <eos>,The girl that the wife liked killed herself .
70,simple,local,c-command,1,b,none,none,wife,girl,killed,herself,The wife that the girl liked killed herself . <eos>,The wife that the girl liked killed herself .
70,simple,local,no-c-command,0,a,matrix_subj,number,girls,wife,killed,herself,The girls that the wife liked killed herself . <eos>,The girls that the wife liked killed herself .
70,simple,local,no-c-command,0,b,matrix_subj,number,wives,girl,killed,herself,The wives that the girl liked killed herself . <eos>,The wives that the girl liked killed herself .
70,simple,local,c-command,1,a,rc_subj,number,girl,wives,killed,herself,The girl that the wives liked killed herself . <eos>,The girl that the wives liked killed herself .
70,simple,local,c-command,1,b,rc_subj,number,wife,girls,killed,herself,The wife that the girls liked killed herself . <eos>,The wife that the girls liked killed herself .
71,simple,local,c-command,1,a,none,none,girl,wife,called,herself,The girl that the wife liked called herself . <eos>,The girl that the wife liked called herself .
71,simple,local,c-command,1,b,none,none,wife,girl,called,herself,The wife that the girl liked called herself . <eos>,The wife that the girl liked called herself .
71,simple,local,no-c-command,0,a,matrix_subj,number,girls,wife,called,herself,The girls that the wife liked called herself . <eos>,The girls that the wife liked called herself .
71,simple,local,no-c-command,0,b,matrix_subj,number,wives,girl,called,herself,The wives that the girl liked called herself . <eos>,The wives that the girl liked called herself .
71,simple,local,c-command,1,a,rc_subj,number,girl,wives,called,herself,The girl that the wives liked called herself . <eos>,The girl that the wives liked called herself .
71,simple,local,c-command,1,b,rc_subj,number,wife,girls,called,herself,The wife that the girls liked called herself . <eos>,The wife that the girls liked called herself .
72,simple,local,c-command,1,a,none,none,girl,wife,dedicated,herself,The girl that the wife liked dedicated herself . <eos>,The girl that the wife liked dedicated herself .
72,simple,local,c-command,1,b,none,none,wife,girl,dedicated,herself,The wife that the girl liked dedicated herself . <eos>,The wife that the girl liked dedicated herself .
72,simple,local,no-c-command,0,a,matrix_subj,number,girls,wife,dedicated,herself,The girls that the wife liked dedicated herself . <eos>,The girls that the wife liked dedicated herself .
72,simple,local,no-c-command,0,b,matrix_subj,number,wives,girl,dedicated,herself,The wives that the girl liked dedicated herself . <eos>,The wives that the girl liked dedicated herself .
72,simple,local,c-command,1,a,rc_subj,number,girl,wives,dedicated,herself,The girl that the wives liked dedicated herself . <eos>,The girl that the wives liked dedicated herself .
72,simple,local,c-command,1,b,rc_subj,number,wife,girls,dedicated,herself,The wife that the girls liked dedicated herself . <eos>,The wife that the girls liked dedicated herself .
73,simple,local,c-command,1,a,none,none,girl,wife,declared,herself,The girl that the wife liked declared herself . <eos>,The girl that the wife liked declared herself .
73,simple,local,c-command,1,b,none,none,wife,girl,declared,herself,The wife that the girl liked declared herself . <eos>,The wife that the girl liked declared herself .
73,simple,local,no-c-command,0,a,matrix_subj,number,girls,wife,declared,herself,The girls that the wife liked declared herself . <eos>,The girls that the wife liked declared herself .
73,simple,local,no-c-command,0,b,matrix_subj,number,wives,girl,declared,herself,The wives that the girl liked declared herself . <eos>,The wives that the girl liked declared herself .
73,simple,local,c-command,1,a,rc_subj,number,girl,wives,declared,herself,The girl that the wives liked declared herself . <eos>,The girl that the wives liked declared herself .
73,simple,local,c-command,1,b,rc_subj,number,wife,girls,declared,herself,The wife that the girls liked declared herself . <eos>,The wife that the girls liked declared herself .
74,simple,local,c-command,1,a,none,none,girl,wife,proved,herself,The girl that the wife liked proved herself . <eos>,The girl that the wife liked proved herself .
74,simple,local,c-command,1,b,none,none,wife,girl,proved,herself,The wife that the girl liked proved herself . <eos>,The wife that the girl liked proved herself .
74,simple,local,no-c-command,0,a,matrix_subj,number,girls,wife,proved,herself,The girls that the wife liked proved herself . <eos>,The girls that the wife liked proved herself .
74,simple,local,no-c-command,0,b,matrix_subj,number,wives,girl,proved,herself,The wives that the girl liked proved herself . <eos>,The wives that the girl liked proved herself .
74,simple,local,c-command,1,a,rc_subj,number,girl,wives,proved,herself,The girl that the wives liked proved herself . <eos>,The girl that the wives liked proved herself .
74,simple,local,c-command,1,b,rc_subj,number,wife,girls,proved,herself,The wife that the girls liked proved herself . <eos>,The wife that the girls liked proved herself .
75,simple,local,c-command,1,a,none,none,girl,wife,shot,herself,The girl that the wife liked shot herself . <eos>,The girl that the wife liked shot herself .
75,simple,local,c-command,1,b,none,none,wife,girl,shot,herself,The wife that the girl liked shot herself . <eos>,The wife that the girl liked shot herself .
75,simple,local,no-c-command,0,a,matrix_subj,number,girls,wife,shot,herself,The girls that the wife liked shot herself . <eos>,The girls that the wife liked shot herself .
75,simple,local,no-c-command,0,b,matrix_subj,number,wives,girl,shot,herself,The wives that the girl liked shot herself . <eos>,The wives that the girl liked shot herself .
75,simple,local,c-command,1,a,rc_subj,number,girl,wives,shot,herself,The girl that the wives liked shot herself . <eos>,The girl that the wives liked shot herself .
75,simple,local,c-command,1,b,rc_subj,number,wife,girls,shot,herself,The wife that the girls liked shot herself . <eos>,The wife that the girls liked shot herself .
