item,clause_type,locality,c-command,grammatical,counterbalance,mismatch_position,mismatch_feature,head_noun,distractor_noun,verb,pronoun,sentence,sentence_no_eos
1,simple,local,c-command,1,a,none,none,girl,mother,saw,herself,The girl near the mother saw herself . <eos>,The girl near the mother saw herself .
1,simple,local,c-command,1,b,none,none,mother,girl,saw,herself,The mother near the girl saw herself . <eos>,The mother near the girl saw herself .
1,simple,local,no-c-command,0,a,head,number,girls,mother,saw,herself,The girls near the mother saw herself . <eos>,The girls near the mother saw herself .
1,simple,local,no-c-command,0,b,head,number,mothers,girl,saw,herself,The mothers near the girl saw herself . <eos>,The mothers near the girl saw herself .
1,simple,local,c-command,1,a,distractor,number,girl,mothers,saw,herself,The girl near the mothers saw herself . <eos>,The girl near the mothers saw herself .
1,simple,local,c-command,1,b,distractor,number,mother,girls,saw,herself,The mother near the girls saw herself . <eos>,The mother near the girls saw herself .
2,simple,local,c-command,1,a,none,none,girl,mother,established,herself,The girl near the mother established herself . <eos>,The girl near the mother established herself .
2,simple,local,c-command,1,b,none,none,mother,girl,established,herself,The mother near the girl established herself . <eos>,The mother near the girl established herself .
2,simple,local,no-c-command,0,a,head,number,girls,mother,established,herself,The girls near the mother established herself . <eos>,The girls near the mother established herself .
2,simple,local,no-c-command,0,b,head,number,mothers,girl,established,herself,The mothers near the girl established herself . <eos>,The mothers near the girl established herself .
2,simple,local,c-command,1,a,distractor,number,girl,mothers,established,herself,The girl near the mothers established herself . <eos>,The girl near the mothers established herself .
2,simple,local,c-command,1,b,distractor,number,mother,girls,established,herself,The mother near the girls established herself . <eos>,The mother near the girls established herself .
3,simple,local,c-command,1,a,none,none,girl,mother,devoted,herself,The girl near the mother devoted herself . <eos>,The girl near the mother devoted herself .
3,simple,local,c-command,1,b,none,none,mother,girl,devoted,herself,The mother near the girl devoted herself . <eos>,The mother near the girl devoted herself .
3,simple,local,no-c-command,0,a,head,number,girls,mother,devoted,herself,The girls near the mother devoted herself . <eos>,The girls near the mother devoted herself .
3,simple,local,no-c-command,0,b,head,number,mothers,girl,devoted,herself,The mothers near the girl devoted herself . <eos>,The mothers near the girl devoted herself .
3,simple,local,c-command,1,a,distractor,number,girl,mothers,devoted,herself,The girl near the mothers devoted herself . <eos>,The girl near the mothers devoted herself .
3,simple,local,c-command,1,b,distractor,number,mother,girls,devoted,herself,The mother near the girls devoted herself . <eos>,The mother near the girls devoted herself .
4,simple,local,c-command,1,a,none,none,girl,mother,considered,herself,The girl near the mother considered herself . <eos>,The girl near the mother considered herself .
4,simple,local,c-command,1,b,none,none,mother,girl,considered,herself,The mother near the girl considered herself . <eos>,The mother near the girl considered herself .
4,simple,local,no-c-command,0,a,head,number,girls,mother,considered,herself,The girls near the mother considered herself . <eos>,The girls near the mother considered herself .
4,simple,local,no-c-command,0,b,head,number,mothers,girl,considered,herself,The mothers near the girl considered herself . <eos>,The mothers near the girl considered herself .
4,simple,local,c-command,1,a,distractor,number,girl,mothers,considered,herself,The girl near the mothers considered herself . <eos>,The girl near the mothers considered herself .
4,simple,local,c-command,1,b,distractor,number,mother,girls,considered,herself,The mother near the girls considered herself . <eos>,The mother near the girls considered herself .
5,simple,local,c-command,1,a,none,none,girl,mother,identified,herself,The girl near the mother identified herself . <eos>,The girl near the mother identified herself .
5,simple,local,c-command,1,b,none,none,mother,girl,identified,herself,The mother near the girl identified herself . <eos>,The mother near the girl identified herself .
5,simple,local,no-c-command,0,a,head,number,girls,mother,identified,herself,The girls near the mother identified herself . <eos>,The girls near the mother identified herself .
5,simple,local,no-c-command,0,b,head,number,mothers,girl,identified,herself,The mothers near the girl identified herself . <eos>,The mothers near the girl identified herself .
5,simple,local,c-command,1,a,distractor,number,girl,mothers,identified,herself,The girl near the mothers identified herself . <eos>,The girl near the mothers identified herself .
5,simple,local,c-command,1,b,distractor,number,mother,girls,identified,herself,The mother near the girls identified herself . <eos>,The mother near the girls identified herself .
6,simple,local,c-command,1,a,none,none,girl,mother,made,herself,The girl near the mother made herself . <eos>,The girl near the mother made herself .
6,simple,local,c-command,1,b,none,none,mother,girl,made,herself,The mother near the girl made herself . <eos>,The mother near the girl made herself .
6,simple,local,no-c-command,0,a,head,number,girls,mother,made,herself,The girls near the mother made herself . <eos>,The girls near the mother made herself .
6,simple,local,no-c-command,0,b,head,number,mothers,girl,made,herself,The mothers near the girl made herself . <eos>,The mothers near the girl made herself .
6,simple,local,c-command,1,a,distractor,number,girl,mothers,made,herself,The girl near the mothers made herself . <eos>,The girl near the mothers made herself .
6,simple,local,c-command,1,b,distractor,number,mother,girls,made,herself,The mother near the girls made herself . <eos>,The mother near the girls made herself .
7,simple,local,c-command,1,a,none,none,girl,mother,found,herself,The girl near the mother found herself . <eos>,The girl near the mother found herself .
7,simple,local,c-command,1,b,none,none,mother,girl,found,herself,The mother near the girl found herself . <eos>,The mother near the girl found herself .
7,simple,local,no-c-command,0,a,head,number,girls,mother,found,herself,The girls near the mother found herself . <eos>,The girls near the mother found herself .
7,simple,local,no-c-command,0,b,head,number,mothers,girl,found,herself,The mothers near the girl found herself . <eos>,The mothers near the girl found herself .
7,simple,local,c-command,1,a,distractor,number,girl,mothers,found,herself,The girl near the mothers found herself . <eos>,The girl near the mothers found herself .
7,simple,local,c-command,1,b,distractor,number,mother,girls,found,herself,The mother near the girls found herself . <eos>,The mother near the girls found herself .
8,simple,local,c-command,1,a,none,none,girl,mother,distinguished,herself,The girl near the mother distinguished herself . <eos>,The girl near the mother distinguished herself .
8,simple,local,c-command,1,b,none,none,mother,girl,distinguished,herself,The mother near the girl distinguished herself . <eos>,The mother near the girl distinguished herself .
8,simple,local,no-c-command,0,a,head,number,girls,mother,distinguished,herself,The girls near the mother distinguished herself . <eos>,The girls near the mother distinguished herself .
8,simple,local,no-c-command,0,b,head,number,mothers,girl,distinguished,herself,The mothers near the girl distinguished herself . <eos>,The mothers near the girl distinguished herself .
8,simple,local,c-command,1,a,distractor,number,girl,mothers,distinguished,herself,The girl near the mothers distinguished herself . <eos>,The girl near the mothers distinguished herself .
8,simple,local,c-command,1,b,distractor,number,mother,girls,distinguished,herself,The mother near the girls distinguished herself . <eos>,The mother near the girls distinguished herself .
9,simple,local,c-command,1,a,none,none,girl,mother,taught,herself,The girl near the mother taught herself . <eos>,The girl near the mother taught herself .
9,simple,local,c-command,1,b,none,none,mother,girl,taught,herself,The mother near the girl taught herself . <eos>,The mother near the girl taught herself .
9,simple,local,no-c-command,0,a,head,number,girls,mother,taught,herself,The girls near the mother taught herself . <eos>,The girls near the mother taught herself .
9,simple,local,no-c-command,0,b,head,number,mothers,girl,taught,herself,The mothers near the girl taught herself . <eos>,The mothers near the girl taught herself .
9,simple,local,c-command,1,a,distractor,number,girl,mothers,taught,herself,The girl near the mothers taught herself . <eos>,The girl near the mothers taught herself .
9,simple,local,c-command,1,b,distractor,number,mother,girls,taught,herself,The mother near the girls taught herself . <eos>,The mother near the girls taught herself .
10,simple,local,c-command,1,a,none,none,girl,mother,killed,herself,The girl near the mother killed herself . <eos>,The girl near the mother killed herself .
10,simple,local,c-command,1,b,none,none,mother,girl,killed,herself,The mother near the girl killed herself . <eos>,The mother near the girl killed herself .
10,simple,local,no-c-command,0,a,head,number,girls,mother,killed,herself,The girls near the mother killed herself . <eos>,The girls near the mother killed herself .
10,simple,local,no-c-command,0,b,head,number,mothers,girl,killed,herself,The mothers near the girl killed herself . <eos>,The mothers near the girl killed herself .
10,simple,local,c-command,1,a,distractor,number,girl,mothers,killed,herself,The girl near the mothers killed herself . <eos>,The girl near the mothers killed herself .
10,simple,local,c-command,1,b,distractor,number,mother,girls,killed,herself,The mother near the girls killed herself . <eos>,The mother near the girls killed herself .
11,simple,local,c-command,1,a,none,none,girl,mother,called,herself,The girl near the mother called herself . <eos>,The girl near the mother called herself .
11,simple,local,c-command,1,b,none,none,mother,girl,called,herself,The mother near the girl called herself . <eos>,The mother near the girl called herself .
11,simple,local,no-c-command,0,a,head,number,girls,mother,called,herself,The girls near the mother called herself . <eos>,The girls near the mother called herself .
11,simple,local,no-c-command,0,b,head,number,mothers,girl,called,herself,The mothers near the girl called herself . <eos>,The mothers near the girl called herself .
11,simple,local,c-command,1,a,distractor,number,girl,mothers,called,herself,The girl near the mothers called herself . <eos>,The girl near the mothers called herself .
11,simple,local,c-command,1,b,distractor,number,mother,girls,called,herself,The mother near the girls called herself . <eos>,The mother near the girls called herself .
12,simple,local,c-command,1,a,none,none,girl,mother,dedicated,herself,The girl near the mother dedicated herself . <eos>,The girl near the mother dedicated herself .
12,simple,local,c-command,1,b,none,none,mother,girl,dedicated,herself,The mother near the girl dedicated herself . <eos>,The mother near the girl dedicated herself .
12,simple,local,no-c-command,0,a,head,number,girls,mother,dedicated,herself,The girls near the mother dedicated herself . <eos>,The girls near the mother dedicated herself .
12,simple,local,no-c-command,0,b,head,number,mothers,girl,dedicated,herself,The mothers near the girl dedicated herself . <eos>,The mothers near the girl dedicated herself .
12,simple,local,c-command,1,a,distractor,number,girl,mothers,dedicated,herself,The girl near the mothers dedicated herself . <eos>,The girl near the mothers dedicated herself .
12,simple,local,c-command,1,b,distractor,number,mother,girls,dedicated,herself,The mother near the girls dedicated herself . <eos>,The mother near the girls dedicated herself .
13,simple,local,c-command,1,a,none,none,girl,mother,declared,herself,The girl near the mother declared herself . <eos>,The girl near the mother declared herself .
13,simple,local,c-command,1,b,none,none,mother,girl,declared,herself,The mother near the girl declared herself . <eos>,The mother near the girl declared herself .
13,simple,local,no-c-command,0,a,head,number,girls,mother,declared,herself,The girls near the mother declared herself . <eos>,The girls near the mother declared herself .
13,simple,local,no-c-command,0,b,head,number,mothers,girl,declared,herself,The mothers near the girl declared herself . <eos>,The mothers near the girl declared herself .
13,simple,local,c-command,1,a,distractor,number,girl,mothers,declared,herself,The girl near the mothers declared herself . <eos>,The girl near the mothers declared herself .
13,simple,local,c-command,1,b,distractor,number,mother,girls,declared,herself,The mother near the girls declared herself . <eos>,The mother near the girls declared herself .
14,simple,local,c-command,1,a,none,none,girl,mother,proved,herself,The girl near the mother proved herself . <eos>,The girl near the mother proved herself .
14,simple,local,c-command,1,b,none,none,mother,girl,proved,herself,The mother near the girl proved herself . <eos>,The mother near the girl proved herself .
14,simple,local,no-c-command,0,a,head,number,girls,mother,proved,herself,The girls near the mother proved herself . <eos>,The girls near the mother proved herself .
14,simple,local,no-c-command,0,b,head,number,mothers,girl,proved,herself,The mothers near the girl proved herself . <eos>,The mothers near the girl proved herself .
14,simple,local,c-command,1,a,distractor,number,girl,mothers,proved,herself,The girl near the mothers proved herself . <eos>,The girl near the mothers proved herself .
14,simple,local,c-command,1,b,distractor,number,mother,girls,proved,herself,The mother near the girls proved herself . <eos>,The mother near the girls proved herself .
15,simple,local,c-command,1,a,none,none,girl,mother,shot,herself,The girl near the mother shot herself . <eos>,The girl near the mother shot herself .
15,simple,local,c-command,1,b,none,none,mother,girl,shot,herself,The mother near the girl shot herself . <eos>,The mother near the girl shot herself .
15,simple,local,no-c-command,0,a,head,number,girls,mother,shot,herself,The girls near the mother shot herself . <eos>,The girls near the mother shot herself .
15,simple,local,no-c-command,0,b,head,number,mothers,girl,shot,herself,The mothers near the girl shot herself . <eos>,The mothers near the girl shot herself .
15,simple,local,c-command,1,a,distractor,number,girl,mothers,shot,herself,The girl near the mothers shot herself . <eos>,The girl near the mothers shot herself .
15,simple,local,c-command,1,b,distractor,number,mother,girls,shot,herself,The mother near the girls shot herself . <eos>,The mother near the girls shot herself .
16,simple,local,c-command,1,a,none,none,girl,daughter,saw,herself,The girl near the daughter saw herself . <eos>,The girl near the daughter saw herself .
16,simple,local,c-command,1,b,none,none,daughter,girl,saw,herself,The daughter near the girl saw herself . <eos>,The daughter near the girl saw herself .
16,simple,local,no-c-command,0,a,head,number,girls,daughter,saw,herself,The girls near the daughter saw herself . <eos>,The girls near the daughter saw herself .
16,simple,local,no-c-command,0,b,head,number,daughters,girl,saw,herself,The daughters near the girl saw herself . <eos>,The daughters near the girl saw herself .
16,simple,local,c-command,1,a,distractor,number,girl,daughters,saw,herself,The girl near the daughters saw herself . <eos>,The girl near the daughters saw herself .
16,simple,local,c-command,1,b,distractor,number,daughter,girls,saw,herself,The daughter near the girls saw herself . <eos>,The daughter near the girls saw herself .
17,simple,local,c-command,1,a,none,none,girl,daughter,established,herself,The girl near the daughter established herself . <eos>,The girl near the daughter established herself .
17,simple,local,c-command,1,b,none,none,daughter,girl,established,herself,The daughter near the girl established herself . <eos>,The daughter near the girl established herself .
17,simple,local,no-c-command,0,a,head,number,girls,daughter,established,herself,The girls near the daughter established herself . <eos>,The girls near the daughter established herself .
17,simple,local,no-c-command,0,b,head,number,daughters,girl,established,herself,The daughters near the girl established herself . <eos>,The daughters near the girl established herself .
17,simple,local,c-command,1,a,distractor,number,girl,daughters,established,herself,The girl near the daughters established herself . <eos>,The girl near the daughters established herself .
17,simple,local,c-command,1,b,distractor,number,daughter,girls,established,herself,The daughter near the girls established herself . <eos>,The daughter near the girls established herself .
18,simple,local,c-command,1,a,none,none,girl,daughter,devoted,herself,The girl near the daughter devoted herself . <eos>,The girl near the daughter devoted herself .
18,simple,local,c-command,1,b,none,none,daughter,girl,devoted,herself,The daughter near the girl devoted herself . <eos>,The daughter near the girl devoted herself .
18,simple,local,no-c-command,0,a,head,number,girls,daughter,devoted,herself,The girls near the daughter devoted herself . <eos>,The girls near the daughter devoted herself .
18,simple,local,no-c-command,0,b,head,number,daughters,girl,devoted,herself,The daughters near the girl devoted herself . <eos>,The daughters near the girl devoted herself .
18,simple,local,c-command,1,a,distractor,number,girl,daughters,devoted,herself,The girl near the daughters devoted herself . <eos>,The girl near the daughters devoted herself .
18,simple,local,c-command,1,b,distractor,number,daughter,girls,devoted,herself,The daughter near the girls devoted herself . <eos>,The daughter near the girls devoted herself .
19,simple,local,c-command,1,a,none,none,girl,daughter,considered,herself,The girl near the daughter considered herself . <eos>,The girl near the daughter considered herself .
19,simple,local,c-command,1,b,none,none,daughter,girl,considered,herself,The daughter near the girl considered herself . <eos>,The daughter near the girl considered herself .
19,simple,local,no-c-command,0,a,head,number,girls,daughter,considered,herself,The girls near the daughter considered herself . <eos>,The girls near the daughter considered herself .
19,simple,local,no-c-command,0,b,head,number,daughters,girl,considered,herself,The daughters near the girl considered herself . <eos>,The daughters near the girl considered herself .
19,simple,local,c-command,1,a,distractor,number,girl,daughters,considered,herself,The girl near the daughters considered herself . <eos>,The girl near the daughters considered herself .
19,simple,local,c-command,1,b,distractor,number,daughter,girls,considered,herself,The daughter near the girls considered herself . <eos>,The daughter near the girls considered herself .
20,simple,local,c-command,1,a,none,none,girl,daughter,identified,herself,The girl near the daughter identified herself . <eos>,The girl near the daughter identified herself .
20,simple,local,c-command,1,b,none,none,daughter,girl,identified,herself,The daughter near the girl identified herself . <eos>,The daughter near the girl identified herself .
20,simple,local,no-c-command,0,a,head,number,girls,daughter,identified,herself,The girls near the daughter identified herself . <eos>,The girls near the daughter identified herself .
20,simple,local,no-c-command,0,b,head,number,daughters,girl,identified,herself,The daughters near the girl identified herself . <eos>,The daughters near the girl identified herself .
20,simple,local,c-command,1,a,distractor,number,girl,daughters,identified,herself,The girl near the daughters identified herself . <eos>,The girl near the daughters identified herself .
20,simple,local,c-command,1,b,distractor,number,daughter,girls,identified,herself,The daughter near the girls identified herself . <eos>,The daughter near the girls identified herself .
21,simple,local,c-command,1,a,none,none,girl,daughter,made,herself,The girl near the daughter made herself . <eos>,The girl near the daughter made herself .
21,simple,local,c-command,1,b,none,none,daughter,girl,made,herself,The daughter near the girl made herself . <eos>,The daughter near the girl made herself .
21,simple,local,no-c-command,0,a,head,number,girls,daughter,made,herself,The girls near the daughter made herself . <eos>,The girls near the daughter made herself .
21,simple,local,no-c-command,0,b,head,number,daughters,girl,made,herself,The daughters near the girl made herself . <eos>,The daughters near the girl made herself .
21,simple,local,c-command,1,a,distractor,number,girl,daughters,made,herself,The girl near the daughters made herself . <eos>,The girl near the daughters made herself .
21,simple,local,c-command,1,b,distractor,number,daughter,girls,made,herself,The daughter near the girls made herself . <eos>,The daughter near the girls made herself .
22,simple,local,c-command,1,a,none,none,girl,daughter,found,herself,The girl near the daughter found herself . <eos>,The girl near the daughter found herself .
22,simple,local,c-command,1,b,none,none,daughter,girl,found,herself,The daughter near the girl found herself . <eos>,The daughter near the girl found herself .
22,simple,local,no-c-command,0,a,head,number,girls,daughter,found,herself,The girls near the daughter found herself . <eos>,The girls near the daughter found herself .
22,simple,local,no-c-command,0,b,head,number,daughters,girl,found,herself,The daughters near the girl found herself . <eos>,The daughters near the girl found herself .
22,simple,local,c-command,1,a,distractor,number,girl,daughters,found,herself,The girl near the daughters found herself . <eos>,The girl near the daughters found herself .
22,simple,local,c-command,1,b,distractor,number,daughter,girls,found,herself,The daughter near the girls found herself . <eos>,The daughter near the girls found herself .
23,simple,local,c-command,1,a,none,none,girl,daughter,distinguished,herself,The girl near the daughter distinguished herself . <eos>,The girl near the daughter distinguished herself .
23,simple,local,c-command,1,b,none,none,daughter,girl,distinguished,herself,The daughter near the girl distinguished herself . <eos>,The daughter near the girl distinguished herself .
23,simple,local,no-c-command,0,a,head,number,girls,daughter,distinguished,herself,The girls near the daughter distinguished herself . <eos>,The girls near the daughter distinguished herself .
23,simple,local,no-c-command,0,b,head,number,daughters,girl,distinguished,herself,The daughters near the girl distinguished herself . <eos>,The daughters near the girl distinguished herself .
23,simple,local,c-command,1,a,distractor,number,girl,daughters,distinguished,herself,The girl near the daughters distinguished herself . <eos>,The girl near the daughters distinguished herself .
23,simple,local,c-command,1,b,distractor,number,daughter,girls,distinguished,herself,The daughter near the girls distinguished herself . <eos>,The daughter near the girls distinguished herself .
24,simple,local,c-command,1,a,none,none,girl,daughter,taught,herself,The girl near the daughter taught herself . <eos>,The girl near the daughter taught herself .
24,simple,local,c-command,1,b,none,none,daughter,girl,taught,herself,The daughter near the girl taught herself . <eos>,The daughter near the girl taught herself .
24,simple,local,no-c-command,0,a,head,number,girls,daughter,taught,herself,The girls near the daughter taught herself . <eos>,The girls near the daughter taught herself .
24,simple,local,no-c-command,0,b,head,number,daughters,girl,taught,herself,The daughters near the girl taught herself . <eos>,The daughters near the girl taught herself .
24,simple,local,c-command,1,a,distractor,number,girl,daughters,taught,herself,The girl near the daughters taught herself . <eos>,The girl near the daughters taught herself .
24,simple,local,c-command,1,b,distractor,number,daughter,girls,taught,herself,The daughter near the girls taught herself . <eos>,The daughter near the girls taught herself .
25,simple,local,c-command,1,a,none,none,girl,daughter,killed,herself,The girl near the daughter killed herself . <eos>,The girl near the daughter killed herself .
25,simple,local,c-command,1,b,none,none,daughter,girl,killed,herself,The daughter near the girl killed herself . <eos>,The daughter near the girl killed herself .
25,simple,local,no-c-command,0,a,head,number,girls,daughter,killed,herself,The girls near the daughter killed herself . <eos>,The girls near the daughter killed herself .
25,simple,local,no-c-command,0,b,head,number,daughters,girl,killed,herself,The daughters near the girl killed herself . <eos>,The daughters near the girl killed herself .
25,simple,local,c-command,1,a,distractor,number,girl,daughters,killed,herself,The girl near the daughters killed herself . <eos>,The girl near the daughters killed herself .
25,simple,local,c-command,1,b,distractor,number,daughter,girls,killed,herself,The daughter near the girls killed herself . <eos>,The daughter near the girls killed herself .
26,simple,local,c-command,1,a,none,none,girl,daughter,called,herself,The girl near the daughter called herself . <eos>,The girl near the daughter called herself .
26,simple,local,c-command,1,b,none,none,daughter,girl,called,herself,The daughter near the girl called herself . <eos>,The daughter near the girl called herself .
26,simple,local,no-c-command,0,a,head,number,girls,daughter,called,herself,The girls near the daughter called herself . <eos>,The girls near the daughter called herself .
26,simple,local,no-c-command,0,b,head,number,daughters,girl,called,herself,The daughters near the girl called herself . <eos>,The daughters near the girl called herself .
26,simple,local,c-command,1,a,distractor,number,girl,daughters,called,herself,The girl near the daughters called herself . <eos>,The girl near the daughters called herself .
26,simple,local,c-command,1,b,distractor,number,daughter,girls,called,herself,The daughter near the girls called herself . <eos>,The daughter near the girls called herself .
27,simple,local,c-command,1,a,none,none,girl,daughter,dedicated,herself,The girl near the daughter dedicated herself . <eos>,The girl near the daughter dedicated herself .
27,simple,local,c-command,1,b,none,none,daughter,girl,dedicated,herself,The daughter near the girl dedicated herself . <eos>,The daughter near the girl dedicated herself .
27,simple,local,no-c-command,0,a,head,number,girls,daughter,dedicated,herself,The girls near the daughter dedicated herself . <eos>,The girls near the daughter dedicated herself .
27,simple,local,no-c-command,0,b,head,number,daughters,girl,dedicated,herself,The daughters near the girl dedicated herself . <eos>,The daughters near the girl dedicated herself .
27,simple,local,c-command,1,a,distractor,number,girl,daughters,dedicated,herself,The girl near the daughters dedicated herself . <eos>,The girl near the daughters dedicated herself .
27,simple,local,c-command,1,b,distractor,number,daughter,girls,dedicated,herself,The daughter near the girls dedicated herself . <eos>,The daughter near the girls dedicated herself .
28,simple,local,c-command,1,a,none,none,girl,daughter,declared,herself,The girl near the daughter declared herself . <eos>,The girl near the daughter declared herself .
28,simple,local,c-command,1,b,none,none,daughter,girl,declared,herself,The daughter near the girl declared herself . <eos>,The daughter near the girl declared herself .
28,simple,local,no-c-command,0,a,head,number,girls,daughter,declared,herself,The girls near the daughter declared herself . <eos>,The girls near the daughter declared herself .
28,simple,local,no-c-command,0,b,head,number,daughters,girl,declared,herself,The daughters near the girl declared herself . <eos>,The daughters near the girl declared herself .
28,simple,local,c-command,1,a,distractor,number,girl,daughters,declared,herself,The girl near the daughters declared herself . <eos>,The girl near the daughters declared herself .
28,simple,local,c-command,1,b,distractor,number,daughter,girls,declared,herself,The daughter near the girls declared herself . <eos>,The daughter near the girls declared herself .
29,simple,local,c-command,1,a,none,none,girl,daughter,proved,herself,The girl near the daughter proved herself . <eos>,The girl near the daughter proved herself .
29,simple,local,c-command,1,b,none,none,daughter,girl,proved,herself,The daughter near the girl proved herself . <eos>,The daughter near the girl proved herself .
29,simple,local,no-c-command,0,a,head,number,girls,daughter,proved,herself,The girls near the daughter proved herself . <eos>,The girls near the daughter proved herself .
29,simple,local,no-c-command,0,b,head,number,daughters,girl,proved,herself,The daughters near the girl proved herself . <eos>,The daughters near the girl proved herself .
29,simple,local,c-command,1,a,distractor,number,girl,daughters,proved,herself,The girl near the daughters proved herself . <eos>,The girl near the daughters proved herself .
29,simple,local,c-command,1,b,distractor,number,daughter,girls,proved,herself,The daughter near the girls proved herself . <eos>,The daughter near the girls proved herself .
30,simple,local,c-command,1,a,none,none,girl,daughter,shot,herself,The girl near the daughter shot herself . <eos>,The girl near the daughter shot herself .
30,simple,local,c-command,1,b,none,none,daughter,girl,shot,herself,The daughter near the girl shot herself . <eos>,The daughter near the girl shot herself .
30,simple,local,no-c-command,0,a,head,number,girls,daughter,shot,herself,The girls near the daughter shot herself . <eos>,The girls near the daughter shot herself .
30,simple,local,no-c-command,0,b,head,number,daughters,girl,shot,herself,The daughters near the girl shot herself . <eos>,The daughters near the girl shot herself .
30,simple,local,c-command,1,a,distractor,number,girl,daughters,shot,herself,The girl near the daughters shot herself . <eos>,The girl near the daughters shot herself .
30,simple,local,c-command,1,b,distractor,number,daughter,girls,shot,herself,The daughter near the girls shot herself . <eos>,The daughter near the girls shot herself .
31,simple,local,c-command,1,a,none,none,girl,woman,saw,herself,The girl near the woman saw herself . <eos>,The girl near the woman saw herself .
31,simple,local,c-command,1,b,none,none,woman,girl,saw,herself,The woman near the girl saw herself . <eos>,The woman near the girl saw herself .
31,simple,local,no-c-command,0,a,head,number,girls,woman,saw,herself,The girls near the woman saw herself . <eos>,The girls near the woman saw herself .
31,simple,local,no-c-command,0,b,head,number,women,girl,saw,herself,The women near the girl saw herself . <eos>,The women near the girl saw herself .
31,simple,local,c-command,1,a,distractor,number,girl,women,saw,herself,The girl near the women saw herself . <eos>,The girl near the women saw herself .
31,simple,local,c-command,1,b,distractor,number,woman,girls,saw,herself,The woman near the girls saw herself . <eos>,The woman near the girls saw herself .
32,simple,local,c-command,1,a,none,none,girl,woman,established,herself,The girl near the woman established herself . <eos>,The girl near the woman established herself .
32,simple,local,c-command,1,b,none,none,woman,girl,established,herself,The woman near the girl established herself . <eos>,The woman near the girl established herself .
32,simple,local,no-c-command,0,a,head,number,girls,woman,established,herself,The girls near the woman established herself . <eos>,The girls near the woman established herself .
32,simple,local,no-c-command,0,b,head,number,women,girl,established,herself,The women near the girl established herself . <eos>,The women near the girl established herself .
32,simple,local,c-command,1,a,distractor,number,girl,women,established,herself,The girl near the women established herself . <eos>,The girl near the women established herself .
32,simple,local,c-command,1,b,distractor,number,woman,girls,established,herself,The woman near the girls established herself . <eos>,The woman near the girls established herself .
33,simple,local,c-command,1,a,none,none,girl,woman,devoted,herself,The girl near the woman devoted herself . <eos>,The girl near the woman devoted herself .
33,simple,local,c-command,1,b,none,none,woman,girl,devoted,herself,The woman near the girl devoted herself . <eos>,The woman near the girl devoted herself .
33,simple,local,no-c-command,0,a,head,number,girls,woman,devoted,herself,The girls near the woman devoted herself . <eos>,The girls near the woman devoted herself .
33,simple,local,no-c-command,0,b,head,number,women,girl,devoted,herself,The women near the girl devoted herself . <eos>,The women near the girl devoted herself .
33,simple,local,c-command,1,a,distractor,number,girl,women,devoted,herself,The girl near the women devoted herself . <eos>,The girl near the women devoted herself .
33,simple,local,c-command,1,b,distractor,number,woman,girls,devoted,herself,The woman near the girls devoted herself . <eos>,The woman near the girls devoted herself .
34,simple,local,c-command,1,a,none,none,girl,woman,considered,herself,The girl near the woman considered herself . <eos>,The girl near the woman considered herself .
34,simple,local,c-command,1,b,none,none,woman,girl,considered,herself,The woman near the girl considered herself . <eos>,The woman near the girl considered herself .
34,simple,local,no-c-command,0,a,head,number,girls,woman,considered,herself,The girls near the woman considered herself . <eos>,The girls near the woman considered herself .
34,simple,local,no-c-command,0,b,head,number,women,girl,considered,herself,The women near the girl considered herself . <eos>,The women near the girl considered herself .
34,simple,local,c-command,1,a,distractor,number,girl,women,considered,herself,The girl near the women considered herself . <eos>,The girl near the women considered herself .
34,simple,local,c-command,1,b,distractor,number,woman,girls,considered,herself,The woman near the girls considered herself . <eos>,The woman near the girls considered herself .
35,simple,local,c-command,1,a,none,none,girl,woman,identified,herself,The girl near the woman identified herself . <eos>,The girl near the woman identified herself .
35,simple,local,c-command,1,b,none,none,woman,girl,identified,herself,The woman near the girl identified herself . <eos>,The woman near the girl identified herself .
35,simple,local,no-c-command,0,a,head,number,girls,woman,identified,herself,The girls near the woman identified herself . <eos>,The girls near the woman identified herself .
35,simple,local,no-c-command,0,b,head,number,women,girl,identified,herself,The women near the girl identified herself . <eos>,The women near the girl identified herself .
35,simple,local,c-command,1,a,distractor,number,girl,women,identified,herself,The girl near the women identified herself . <eos>,The girl near the women identified herself .
35,simple,local,c-command,1,b,distractor,number,woman,girls,identified,herself,The woman near the girls identified herself . <eos>,The woman near the girls identified herself .
36,simple,local,c-command,1,a,none,none,girl,woman,made,herself,The girl near the woman made herself . <eos>,The girl near the woman made herself .
36,simple,local,c-command,1,b,none,none,woman,girl,made,herself,The woman near the girl made herself . <eos>,The woman near the girl made herself .
36,simple,local,no-c-command,0,a,head,number,girls,woman,made,herself,The girls near the woman made herself . <eos>,The girls near the woman made herself .
36,simple,local,no-c-command,0,b,head,number,women,girl,made,herself,The women near the girl made herself . <eos>,The women near the girl made herself .
36,simple,local,c-command,1,a,distractor,number,girl,women,made,herself,The girl near the women made herself . <eos>,The girl near the women made herself .
36,simple,local,c-command,1,b,distractor,number,woman,girls,made,herself,The woman near the girls made herself . <eos>,The woman near the girls made herself .
37,simple,local,c-command,1,a,none,none,girl,woman,found,herself,The girl near the woman found herself . <eos>,The girl near the woman found herself .
37,simple,local,c-command,1,b,none,none,woman,girl,found,herself,The woman near the girl found herself . <eos>,The woman near the girl found herself .
37,simple,local,no-c-command,0,a,head,number,girls,woman,found,herself,The girls near the woman found herself . <eos>,The girls near the woman found herself .
37,simple,local,no-c-command,0,b,head,number,women,girl,found,herself,The women near the girl found herself . <eos>,The women near the girl found herself .
37,simple,local,c-command,1,a,distractor,number,girl,women,found,herself,The girl near the women found herself . <eos>,The girl near the women found herself .
37,simple,local,c-command,1,b,distractor,number,woman,girls,found,herself,The woman near the girls found herself . <eos>,The woman near the girls found herself .
38,simple,local,c-command,1,a,none,none,girl,woman,distinguished,herself,The girl near the woman distinguished herself . <eos>,The girl near the woman distinguished herself .
38,simple,local,c-command,1,b,none,none,woman,girl,distinguished,herself,The woman near the girl distinguished herself . <eos>,The woman near the girl distinguished herself .
38,simple,local,no-c-command,0,a,head,number,girls,woman,distinguished,herself,The girls near the woman distinguished herself . <eos>,The girls near the woman distinguished herself .
38,simple,local,no-c-command,0,b,head,number,women,girl,distinguished,herself,The women near the girl distinguished herself . <eos>,The women near the girl distinguished herself .
38,simple,local,c-command,1,a,distractor,number,girl,women,distinguished,herself,The girl near the women distinguished herself . <eos>,The girl near the women distinguished herself .
38,simple,local,c-command,1,b,distractor,number,woman,girls,distinguished,herself,The woman near the girls distinguished herself . <eos>,The woman near the girls distinguished herself .
39,simple,local,c-command,1,a,none,none,girl,woman,taught,herself,The girl near the woman taught herself . <eos>,The girl near the woman taught herself .
39,simple,local,c-command,1,b,none,none,woman,girl,taught,herself,The woman near the girl taught herself . <eos>,The woman near the girl taught herself .
39,simple,local,no-c-command,0,a,head,number,girls,woman,taught,herself,The girls near the woman taught herself . <eos>,The girls near the woman taught herself .
39,simple,local,no-c-command,0,b,head,number,women,girl,taught,herself,The women near the girl taught herself . <eos>,The women near the girl taught herself .
39,simple,local,c-command,1,a,distractor,number,girl,women,taught,herself,The girl near the women taught herself . <eos>,The girl near the women taught herself .
39,simple,local,c-command,1,b,distractor,number,woman,girls,taught,herself,The woman near the girls taught herself . <eos>,The woman near the girls taught herself .
40,simple,local,c-command,1,a,none,none,girl,woman,killed,herself,The girl near the woman killed herself . <eos>,The girl near the woman killed herself .
40,simple,local,c-command,1,b,none,none,woman,girl,killed,herself,The woman near the girl killed herself . <eos>,The woman near the girl killed herself .
40,simple,local,no-c-command,0,a,head,number,girls,woman,killed,herself,The girls near the woman killed herself . <eos>,The girls near the woman killed herself .
40,simple,local,no-c-command,0,b,head,number,women,girl,killed,herself,The women near the girl killed herself . <eos>,The women near the girl killed herself .
40,simple,local,c-command,1,a,distractor,number,girl,women,killed,herself,The girl near the women killed herself . <eos>,The girl near the women killed herself .
40,simple,local,c-command,1,b,distractor,number,woman,girls,killed,herself,The woman near the girls killed herself . <eos>,The woman near the girls killed herself .
41,simple,local,c-command,1,a,none,none,girl,woman,called,herself,The girl near the woman called herself . <eos>,The girl near the woman called herself .
41,simple,local,c-command,1,b,none,none,woman,girl,called,herself,The woman near the girl called herself . <eos>,The woman near the girl called herself .
41,simple,local,no-c-command,0,a,head,number,girls,woman,called,herself,The girls near the woman called herself . <eos>,The girls near the woman called herself .
41,simple,local,no-c-command,0,b,head,number,women,girl,called,herself,The women near the girl called herself . <eos>,The women near the girl called herself .
41,simple,local,c-command,1,a,distractor,number,girl,women,called,herself,The girl near the women called herself . <eos>,The girl near the women called herself .
41,simple,local,c-command,1,b,distractor,number,woman,girls,called,herself,The woman near the girls called herself . <eos>,The woman near the girls called herself .
42,simple,local,c-command,1,a,none,none,girl,woman,dedicated,herself,The girl near the woman dedicated herself . <eos>,The girl near the woman dedicated herself .
42,simple,local,c-command,1,b,none,none,woman,girl,dedicated,herself,The woman near the girl dedicated herself . <eos>,The woman near the girl dedicated herself .
42,simple,local,no-c-command,0,a,head,number,girls,woman,dedicated,herself,The girls near the woman dedicated herself . <eos>,The girls near the woman dedicated herself .
42,simple,local,no-c-command,0,b,head,number,women,girl,dedicated,herself,The women near the girl dedicated herself . <eos>,The women near the girl dedicated herself .
42,simple,local,c-command,1,a,distractor,number,girl,women,dedicated,herself,The girl near the women dedicated herself . <eos>,The girl near the women dedicated herself .
42,simple,local,c-command,1,b,distractor,number,woman,girls,dedicated,herself,The woman near the girls dedicated herself . <eos>,The woman near the girls dedicated herself .
43,simple,local,c-command,1,a,none,none,girl,woman,declared,herself,The girl near the woman declared herself . <eos>,The girl near the woman declared herself .
43,simple,local,c-command,1,b,none,none,woman,girl,declared,herself,The woman near the girl declared herself . <eos>,The woman near the girl declared herself .
43,simple,local,no-c-command,0,a,head,number,girls,woman,declared,herself,The girls near the woman declared herself . <eos>,The girls near the woman declared herself .
43,simple,local,no-c-command,0,b,head,number,women,girl,declared,herself,The women near the girl declared herself . <eos>,The women near the girl declared herself .
43,simple,local,c-command,1,a,distractor,number,girl,women,declared,herself,The girl near the women declared herself . <eos>,The girl near the women declared herself .
43,simple,local,c-command,1,b,distractor,number,woman,girls,declared,herself,The woman near the girls declared herself . <eos>,The woman near the girls declared herself .
44,simple,local,c-command,1,a,none,none,girl,woman,proved,herself,The girl near the woman proved herself . <eos>,The girl near the woman proved herself .
44,simple,local,c-command,1,b,none,none,woman,girl,proved,herself,The woman near the girl proved herself . <eos>,The woman near the girl proved herself .
44,simple,local,no-c-command,0,a,head,number,girls,woman,proved,herself,The girls near the woman proved herself . <eos>,The girls near the woman proved herself .
44,simple,local,no-c-command,0,b,head,number,women,girl,proved,herself,The women near the girl proved herself . <eos>,The women near the girl proved herself .
44,simple,local,c-command,1,a,distractor,number,girl,women,proved,herself,The girl near the women proved herself . <eos>,The girl near the women proved herself .
44,simple,local,c-command,1,b,distractor,number,woman,girls,proved,herself,The woman near the girls proved herself . <eos>,The woman near the girls proved herself .
45,simple,local,c-command,1,a,none,none,girl,woman,shot,herself,The girl near the woman shot herself . <eos>,The girl near the woman shot herself .
45,simple,local,c-command,1,b,none,none,woman,girl,shot,herself,The woman near the girl shot herself . <eos>,The woman near the girl shot herself .
45,simple,local,no-c-command,0,a,head,number,girls,woman,shot,herself,The girls near the woman shot herself . <eos>,The girls near the woman shot herself .
45,simple,local,no-c-command,0,b,head,number,women,girl,shot,herself,The women near the girl shot herself . <eos>,The women near the girl shot herself .
45,simple,local,c-command,1,a,distractor,number,girl,women,shot,herself,The girl near the women shot herself . <eos>,The girl near the women shot herself .
45,simple,local,c-command,1,b,distractor,number,woman,girls,shot,herself,The woman near the girls shot herself . <eos>,The woman near the girls shot herself .
46,simple,local,c-command,1,a,none,none,girl,wife,saw,herself,The girl near the wife saw herself . <eos>,The girl near the wife saw herself .
46,simple,local,c-command,1,b,none,none,wife,girl,saw,herself,The wife near the girl saw herself . <eos>,The wife near the girl saw herself .
46,simple,local,no-c-command,0,a,head,number,girls,wife,saw,herself,The girls near the wife saw herself . <eos>,The girls near the wife saw herself .
46,simple,local,no-c-command,0,b,head,number,wives,girl,saw,herself,The wives near the girl saw herself . <eos>,The wives near the girl saw herself .
46,simple,local,c-command,1,a,distractor,number,girl,wives,saw,herself,The girl near the wives saw herself . <eos>,The girl near the wives saw herself .
46,simple,local,c-command,1,b,distractor,number,wife,girls,saw,herself,The wife near the girls saw herself . <eos>,The wife near the girls saw herself .
47,simple,local,c-command,1,a,none,none,girl,wife,established,herself,The girl near the wife established herself . <eos>,The girl near the wife established herself .
47,simple,local,c-command,1,b,none,none,wife,girl,established,herself,The wife near the girl established herself . <eos>,The wife near the girl established herself .
47,simple,local,no-c-command,0,a,head,number,girls,wife,established,herself,The girls near the wife established herself . <eos>,The girls near the wife established herself .
47,simple,local,no-c-command,0,b,head,number,wives,girl,established,herself,The wives near the girl established herself . <eos>,The wives near the girl established herself .
47,simple,local,c-command,1,a,distractor,number,girl,wives,established,herself,The girl near the wives established herself . <eos>,The girl near the wives established herself .
47,simple,local,c-command,1,b,distractor,number,wife,girls,established,herself,The wife near the girls established herself . <eos>,The wife near the girls established herself .
48,simple,local,c-command,1,a,none,none,girl,wife,devoted,herself,The girl near the wife devoted herself . <eos>,The girl near the wife devoted herself .
48,simple,local,c-command,1,b,none,none,wife,girl,devoted,herself,The wife near the girl devoted herself . <eos>,The wife near the girl devoted herself .
48,simple,local,no-c-command,0,a,head,number,girls,wife,devoted,herself,The girls near the wife devoted herself . <eos>,The girls near the wife devoted herself .
48,simple,local,no-c-command,0,b,head,number,wives,girl,devoted,herself,The wives near the girl devoted herself . <eos>,The wives near the girl devoted herself .
48,simple,local,c-command,1,a,distractor,number,girl,wives,devoted,herself,The girl near the wives devoted herself . <eos>,The girl near the wives devoted herself .
48,simple,local,c-command,1,b,distractor,number,wife,girls,devoted,herself,The wife near the girls devoted herself . <eos>,The wife near the girls devoted herself .
49,simple,local,c-command,1,a,none,none,girl,wife,considered,herself,The girl near the wife considered herself . <eos>,The girl near the wife considered herself .
49,simple,local,c-command,1,b,none,none,wife,girl,considered,herself,The wife near the girl considered herself . <eos>,The wife near the girl considered herself .
49,simple,local,no-c-command,0,a,head,number,girls,wife,considered,herself,The girls near the wife considered herself . <eos>,The girls near the wife considered herself .
49,simple,local,no-c-command,0,b,head,number,wives,girl,considered,herself,The wives near the girl considered herself . <eos>,The wives near the girl considered herself .
49,simple,local,c-command,1,a,distractor,number,girl,wives,considered,herself,The girl near the wives considered herself . <eos>,The girl near the wives considered herself .
49,simple,local,c-command,1,b,distractor,number,wife,girls,considered,herself,The wife near the girls considered herself . <eos>,The wife near the girls considered herself .
50,simple,local,c-command,1,a,none,none,girl,wife,identified,herself,The girl near the wife identified herself . <eos>,The girl near the wife identified herself .
50,simple,local,c-command,1,b,none,none,wife,girl,identified,herself,The wife near the girl identified herself . <eos>,The wife near the girl identified herself .
50,simple,local,no-c-command,0,a,head,number,girls,wife,identified,herself,The girls near the wife identified herself . <eos>,The girls near the wife identified herself .
50,simple,local,no-c-command,0,b,head,number,wives,girl,identified,herself,The wives near the girl identified herself . <eos>,The wives near the girl identified herself .
50,simple,local,c-command,1,a,distractor,number,girl,wives,identified,herself,The girl near the wives identified herself . <eos>,The girl near the wives identified herself .
50,simple,local,c-command,1,b,distractor,number,wife,girls,identified,herself,The wife near the girls identified herself . <eos>,The wife near the girls identified herself .
51,simple,local,c-command,1,a,none,none,girl,wife,made,herself,The girl near the wife made herself . <eos>,The girl near the wife made herself .
51,simple,local,c-command,1,b,none,none,wife,girl,made,herself,The wife near the girl made herself . <eos>,The wife near the girl made herself .
51,simple,local,no-c-command,0,a,head,number,girls,wife,made,herself,The girls near the wife made herself . <eos>,The girls near the wife made herself .
51,simple,local,no-c-command,0,b,head,number,wives,girl,made,herself,The wives near the girl made herself . <eos>,The wives near the girl made herself .
51,simple,local,c-command,1,a,distractor,number,girl,wives,made,herself,The girl near the wives made herself . <eos>,The girl near the wives made herself .
51,simple,local,c-command,1,b,distractor,number,wife,girls,made,herself,The wife near the girls made herself . <eos>,The wife near the girls made herself .
52,simple,local,c-command,1,a,none,none,girl,wife,found,herself,The girl near the wife found herself . <eos>,The girl near the wife found herself .
52,simple,local,c-command,1,b,none,none,wife,girl,found,herself,The wife near the girl found herself . <eos>,The wife near the girl found herself .
52,simple,local,no-c-command,0,a,head,number,girls,wife,found,herself,The girls near the wife found herself . <eos>,The girls near the wife found herself .
52,simple,local,no-c-command,0,b,head,number,wives,girl,found,herself,The wives near the girl found herself . <eos>,The wives near the girl found herself .
52,simple,local,c-command,1,a,distractor,number,girl,wives,found,herself,The girl near the wives found herself . <eos>,The girl near the wives found herself .
52,simple,local,c-command,1,b,distractor,number,wife,girls,found,herself,The wife near the girls found herself . <eos>,The wife near the girls found herself .
53,simple,local,c-command,1,a,none,none,girl,wife,distinguished,herself,The girl near the wife distinguished herself . <eos>,The girl near the wife distinguished herself .
53,simple,local,c-command,1,b,none,none,wife,girl,distinguished,herself,The wife near the girl distinguished herself . <eos>,The wife near the girl distinguished herself .
53,simple,local,no-c-command,0,a,head,number,girls,wife,distinguished,herself,The girls near the wife distinguished herself . <eos>,The girls near the wife distinguished herself .
53,simple,local,no-c-command,0,b,head,number,wives,girl,distinguished,herself,The wives near the girl distinguished herself . <eos>,The wives near the girl distinguished herself .
53,simple,local,c-command,1,a,distractor,number,girl,wives,distinguished,herself,The girl near the wives distinguished herself . <eos>,The girl near the wives distinguished herself .
53,simple,local,c-command,1,b,distractor,number,wife,girls,distinguished,herself,The wife near the girls distinguished herself . <eos>,The wife near the girls distinguished herself .
54,simple,local,c-command,1,a,none,none,girl,wife,taught,herself,The girl near the wife taught herself . <eos>,The girl near the wife taught herself .
54,simple,local,c-command,1,b,none,none,wife,girl,taught,herself,The wife near the girl taught herself . <eos>,The wife near the girl taught herself .
54,simple,local,no-c-command,0,a,head,number,girls,wife,taught,herself,The girls near the wife taught herself . <eos>,The girls near the wife taught herself .
54,simple,local,no-c-command,0,b,head,number,wives,girl,taught,herself,The wives near the girl taught herself . <eos>,The wives near the girl taught herself .
54,simple,local,c-command,1,a,distractor,number,girl,wives,taught,herself,The girl near the wives taught herself . <eos>,The girl near the wives taught herself .
54,simple,local,c-command,1,b,distractor,number,wife,girls,taught,herself,The wife near the girls taught herself . <eos>,The wife near the girls taught herself .
55,simple,local,c-command,1,a,none,none,girl,wife,killed,herself,The girl near the wife killed herself . <eos>,The girl near the wife killed herself .
55,simple,local,c-command,1,b,none,none,wife,girl,killed,herself,The wife near the girl killed herself . <eos>,The wife near the girl killed herself .
55,simple,local,no-c-command,0,a,head,number,girls,wife,killed,herself,The girls near the wife killed herself . <eos>,The girls near the wife killed herself .
55,simple,local,no-c-command,0,b,head,number,wives,girl,killed,herself,The wives near the girl killed herself . <eos>,The wives near the girl killed herself .
55,simple,local,c-command,1,a,distractor,number,girl,wives,killed,herself,The girl near the wives killed herself . <eos>,The girl near the wives killed herself .
55,simple,local,c-command,1,b,distractor,number,wife,girls,killed,herself,The wife near the girls killed herself . <eos>,The wife near the girls killed herself .
56,simple,local,c-command,1,a,none,none,girl,wife,called,herself,The girl near the wife called herself . <eos>,The girl near the wife called herself .
56,simple,local,c-command,1,b,none,none,wife,girl,called,herself,The wife near the girl called herself . <eos>,The wife near the girl called herself .
56,simple,local,no-c-command,0,a,head,number,girls,wife,called,herself,The girls near the wife called herself . <eos>,The girls near the wife called herself .
56,simple,local,no-c-command,0,b,head,number,wives,girl,called,herself,The wives near the girl called herself . <eos>,The wives near the girl called herself .
56,simple,local,c-command,1,a,distractor,number,girl,wives,called,herself,The girl near the wives called herself . <eos>,The girl near the wives called herself .
56,simple,local,c-command,1,b,distractor,number,wife,girls,called,herself,The wife near the girls called herself . <eos>,The wife near the girls called herself .
57,simple,local,c-command,1,a,none,none,girl,wife,dedicated,herself,The girl near the wife dedicated herself . <eos>,The girl near the wife dedicated herself .
57,simple,local,c-command,1,b,none,none,wife,girl,dedicated,herself,The wife near the girl dedicated herself . <eos>,The wife near the girl dedicated herself .
57,simple,local,no-c-command,0,a,head,number,girls,wife,dedicated,herself,The girls near the wife dedicated herself . <eos>,The girls near the wife dedicated herself .
57,simple,local,no-c-command,0,b,head,number,wives,girl,dedicated,herself,The wives near the girl dedicated herself . <eos>,The wives near the girl dedicated herself .
57,simple,local,c-command,1,a,distractor,number,girl,wives,dedicated,herself,The girl near the wives dedicated herself . <eos>,The girl near the wives dedicated herself .
57,simple,local,c-command,1,b,distractor,number,wife,girls,dedicated,herself,The wife near the girls dedicated herself . <eos>,The wife near the girls dedicated herself .
58,simple,local,c-command,1,a,none,none,girl,wife,declared,herself,The girl near the wife declared herself . <eos>,The girl near the wife declared herself .
58,simple,local,c-command,1,b,none,none,wife,girl,declared,herself,The wife near the girl declared herself . <eos>,The wife near the girl declared herself .
58,simple,local,no-c-command,0,a,head,number,girls,wife,declared,herself,The girls near the wife declared herself . <eos>,The girls near the wife declared herself .
58,simple,local,no-c-command,0,b,head,number,wives,girl,declared,herself,The wives near the girl declared herself . <eos>,The wives near the girl declared herself .
58,simple,local,c-command,1,a,distractor,number,girl,wives,declared,herself,The girl near the wives declared herself . <eos>,The girl near the wives declared herself .
58,simple,local,c-command,1,b,distractor,number,wife,girls,declared,herself,The wife near the girls declared herself . <eos>,The wife near the girls declared herself .
59,simple,local,c-command,1,a,none,none,girl,wife,proved,herself,The girl near the wife proved herself . <eos>,The girl near the wife proved herself .
59,simple,local,c-command,1,b,none,none,wife,girl,proved,herself,The wife near the girl proved herself . <eos>,The wife near the girl proved herself .
59,simple,local,no-c-command,0,a,head,number,girls,wife,proved,herself,The girls near the wife proved herself . <eos>,The girls near the wife proved herself .
59,simple,local,no-c-command,0,b,head,number,wives,girl,proved,herself,The wives near the girl proved herself . <eos>,The wives near the girl proved herself .
59,simple,local,c-command,1,a,distractor,number,girl,wives,proved,herself,The girl near the wives proved herself . <eos>,The girl near the wives proved herself .
59,simple,local,c-command,1,b,distractor,number,wife,girls,proved,herself,The wife near the girls proved herself . <eos>,The wife near the girls proved herself .
60,simple,local,c-command,1,a,none,none,girl,wife,shot,herself,The girl near the wife shot herself . <eos>,The girl near the wife shot herself .
60,simple,local,c-command,1,b,none,none,wife,girl,shot,herself,The wife near the girl shot herself . <eos>,The wife near the girl shot herself .
60,simple,local,no-c-command,0,a,head,number,girls,wife,shot,herself,The girls near the wife shot herself . <eos>,The girls near the wife shot herself .
60,simple,local,no-c-command,0,b,head,number,wives,girl,shot,herself,The wives near the girl shot herself . <eos>,The wives near the girl shot herself .
60,simple,local,c-command,1,a,distractor,number,girl,wives,shot,herself,The girl near the wives shot herself . <eos>,The girl near the wives shot herself .
60,simple,local,c-command,1,b,distractor,number,wife,girls,shot,herself,The wife near the girls shot herself . <eos>,The wife near the girls shot herself .
61,simple,local,c-command,1,a,none,none,girl,wife,saw,herself,The girl near the wife saw herself . <eos>,The girl near the wife saw herself .
61,simple,local,c-command,1,b,none,none,wife,girl,saw,herself,The wife near the girl saw herself . <eos>,The wife near the girl saw herself .
61,simple,local,no-c-command,0,a,head,number,girls,wife,saw,herself,The girls near the wife saw herself . <eos>,The girls near the wife saw herself .
61,simple,local,no-c-command,0,b,head,number,wives,girl,saw,herself,The wives near the girl saw herself . <eos>,The wives near the girl saw herself .
61,simple,local,c-command,1,a,distractor,number,girl,wives,saw,herself,The girl near the wives saw herself . <eos>,The girl near the wives saw herself .
61,simple,local,c-command,1,b,distractor,number,wife,girls,saw,herself,The wife near the girls saw herself . <eos>,The wife near the girls saw herself .
62,simple,local,c-command,1,a,none,none,girl,wife,established,herself,The girl near the wife established herself . <eos>,The girl near the wife established herself .
62,simple,local,c-command,1,b,none,none,wife,girl,established,herself,The wife near the girl established herself . <eos>,The wife near the girl established herself .
62,simple,local,no-c-command,0,a,head,number,girls,wife,established,herself,The girls near the wife established herself . <eos>,The girls near the wife established herself .
62,simple,local,no-c-command,0,b,head,number,wives,girl,established,herself,The wives near the girl established herself . <eos>,The wives near the girl established herself .
62,simple,local,c-command,1,a,distractor,number,girl,wives,established,herself,The girl near the wives established herself . <eos>,The girl near the wives established herself .
62,simple,local,c-command,1,b,distractor,number,wife,girls,established,herself,The wife near the girls established herself . <eos>,The wife near the girls established herself .
63,simple,local,c-command,1,a,none,none,girl,wife,devoted,herself,The girl near the wife devoted herself . <eos>,The girl near the wife devoted herself .
63,simple,local,c-command,1,b,none,none,wife,girl,devoted,herself,The wife near the girl devoted herself . <eos>,The wife near the girl devoted herself .
63,simple,local,no-c-command,0,a,head,number,girls,wife,devoted,herself,The girls near the wife devoted herself . <eos>,The girls near the wife devoted herself .
63,simple,local,no-c-command,0,b,head,number,wives,girl,devoted,herself,The wives near the girl devoted herself . <eos>,The wives near the girl devoted herself .
63,simple,local,c-command,1,a,distractor,number,girl,wives,devoted,herself,The girl near the wives devoted herself . <eos>,The girl near the wives devoted herself .
63,simple,local,c-command,1,b,distractor,number,wife,girls,devoted,herself,The wife near the girls devoted herself . <eos>,The wife near the girls devoted herself .
64,simple,local,c-command,1,a,none,none,girl,wife,considered,herself,The girl near the wife considered herself . <eos>,The girl near the wife considered herself .
64,simple,local,c-command,1,b,none,none,wife,girl,considered,herself,The wife near the girl considered herself . <eos>,The wife near the girl considered herself .
64,simple,local,no-c-command,0,a,head,number,girls,wife,considered,herself,The girls near the wife considered herself . <eos>,The girls near the wife considered herself .
64,simple,local,no-c-command,0,b,head,number,wives,girl,considered,herself,The wives near the girl considered herself . <eos>,The wives near the girl considered herself .
64,simple,local,c-command,1,a,distractor,number,girl,wives,considered,herself,The girl near the wives considered herself . <eos>,The girl near the wives considered herself .
64,simple,local,c-command,1,b,distractor,number,wife,girls,considered,herself,The wife near the girls considered herself . <eos>,The wife near the girls considered herself .
65,simple,local,c-command,1,a,none,none,girl,wife,identified,herself,The girl near the wife identified herself . <eos>,The girl near the wife identified herself .
65,simple,local,c-command,1,b,none,none,wife,girl,identified,herself,The wife near the girl identified herself . <eos>,The wife near the girl identified herself .
65,simple,local,no-c-command,0,a,head,number,girls,wife,identified,herself,The girls near the wife identified herself . <eos>,The girls near the wife identified herself .
65,simple,local,no-c-command,0,b,head,number,wives,girl,identified,herself,The wives near the girl identified herself . <eos>,The wives near the girl identified herself .
65,simple,local,c-command,1,a,distractor,number,girl,wives,identified,herself,The girl near the wives identified herself . <eos>,The girl near the wives identified herself .
65,simple,local,c-command,1,b,distractor,number,wife,girls,identified,herself,The wife near the girls identified herself . <eos>,The wife near the girls identified herself .
66,simple,local,c-command,1,a,none,none,girl,wife,made,herself,The girl near the wife made herself . <eos>,The girl near the wife made herself .
66,simple,local,c-command,1,b,none,none,wife,girl,made,herself,The wife near the girl made herself . <eos>,The wife near the girl made herself .
66,simple,local,no-c-command,0,a,head,number,girls,wife,made,herself,The girls near the wife made herself . <eos>,The girls near the wife made herself .
66,simple,local,no-c-command,0,b,head,number,wives,girl,made,herself,The wives near the girl made herself . <eos>,The wives near the girl made herself .
66,simple,local,c-command,1,a,distractor,number,girl,wives,made,herself,The girl near the wives made herself . <eos>,The girl near the wives made herself .
66,simple,local,c-command,1,b,distractor,number,wife,girls,made,herself,The wife near the girls made herself . <eos>,The wife near the girls made herself .
67,simple,local,c-command,1,a,none,none,girl,wife,found,herself,The girl near the wife found herself . <eos>,The girl near the wife found herself .
67,simple,local,c-command,1,b,none,none,wife,girl,found,herself,The wife near the girl found herself . <eos>,The wife near the girl found herself .
67,simple,local,no-c-command,0,a,head,number,girls,wife,found,herself,The girls near the wife found herself . <eos>,The girls near the wife found herself .
67,simple,local,no-c-command,0,b,head,number,wives,girl,found,herself,The wives near the girl found herself . <eos>,The wives near the girl found herself .
67,simple,local,c-command,1,a,distractor,number,girl,wives,found,herself,The girl near the wives found herself . <eos>,The girl near the wives found herself .
67,simple,local,c-command,1,b,distractor,number,wife,girls,found,herself,The wife near the girls found herself . <eos>,The wife near the girls found herself .
68,simple,local,c-command,1,a,none,none,girl,wife,distinguished,herself,The girl near the wife distinguished herself . <eos>,The girl near the wife distinguished herself .
68,simple,local,c-command,1,b,none,none,wife,girl,distinguished,herself,The wife near the girl distinguished herself . <eos>,The wife near the girl distinguished herself .
68,simple,local,no-c-command,0,a,head,number,girls,wife,distinguished,herself,The girls near the wife distinguished herself . <eos>,The girls near the wife distinguished herself .
68,simple,local,no-c-command,0,b,head,number,wives,girl,distinguished,herself,The wives near the girl distinguished herself . <eos>,The wives near the girl distinguished herself .
68,simple,local,c-command,1,a,distractor,number,girl,wives,distinguished,herself,The girl near the wives distinguished herself . <eos>,The girl near the wives distinguished herself .
68,simple,local,c-command,1,b,distractor,number,wife,girls,distinguished,herself,The wife near the girls distinguished herself . <eos>,The wife near the girls distinguished herself .
69,simple,local,c-command,1,a,none,none,girl,wife,taught,herself,The girl near the wife taught herself . <eos>,The girl near the wife taught herself .
69,simple,local,c-command,1,b,none,none,wife,girl,taught,herself,The wife near the girl taught herself . <eos>,The wife near the girl taught herself .
69,simple,local,no-c-command,0,a,head,number,girls,wife,taught,herself,The girls near the wife taught herself . <eos>,The girls near the wife taught herself .
69,simple,local,no-c-command,0,b,head,number,wives,girl,taught,herself,The wives near the girl taught herself . <eos>,The wives near the girl taught herself .
69,simple,local,c-command,1,a,distractor,number,girl,wives,taught,herself,The girl near the wives taught herself . <eos>,The girl near the wives taught herself .
69,simple,local,c-command,1,b,distractor,number,wife,girls,taught,herself,The wife near the girls taught herself . <eos>,The wife near the girls taught herself .
70,simple,local,c-command,1,a,none,none,girl,wife,killed,herself,The girl near the wife killed herself . <eos>,The girl near the wife killed herself .
70,simple,local,c-command,1,b,none,none,wife,girl,killed,herself,The wife near the girl killed herself . <eos>,The wife near the girl killed herself .
70,simple,local,no-c-command,0,a,head,number,girls,wife,killed,herself,The girls near the wife killed herself . <eos>,The girls near the wife killed herself .
70,simple,local,no-c-command,0,b,head,number,wives,girl,killed,herself,The wives near the girl killed herself . <eos>,The wives near the girl killed herself .
70,simple,local,c-command,1,a,distractor,number,girl,wives,killed,herself,The girl near the wives killed herself . <eos>,The girl near the wives killed herself .
70,simple,local,c-command,1,b,distractor,number,wife,girls,killed,herself,The wife near the girls killed herself . <eos>,The wife near the girls killed herself .
71,simple,local,c-command,1,a,none,none,girl,wife,called,herself,The girl near the wife called herself . <eos>,The girl near the wife called herself .
71,simple,local,c-command,1,b,none,none,wife,girl,called,herself,The wife near the girl called herself . <eos>,The wife near the girl called herself .
71,simple,local,no-c-command,0,a,head,number,girls,wife,called,herself,The girls near the wife called herself . <eos>,The girls near the wife called herself .
71,simple,local,no-c-command,0,b,head,number,wives,girl,called,herself,The wives near the girl called herself . <eos>,The wives near the girl called herself .
71,simple,local,c-command,1,a,distractor,number,girl,wives,called,herself,The girl near the wives called herself . <eos>,The girl near the wives called herself .
71,simple,local,c-command,1,b,distractor,number,wife,girls,called,herself,The wife near the girls called herself . <eos>,The wife near the girls called herself .
72,simple,local,c-command,1,a,none,none,girl,wife,dedicated,herself,The girl near the wife dedicated herself . <eos>,The girl near the wife dedicated herself .
72,simple,local,c-command,1,b,none,none,wife,girl,dedicated,herself,The wife near the girl dedicated herself . <eos>,The wife near the girl dedicated herself .
72,simple,local,no-c-command,0,a,head,number,girls,wife,dedicated,herself,The girls near the wife dedicated herself . <eos>,The girls near the wife dedicated herself .
72,simple,local,no-c-command,0,b,head,number,wives,girl,dedicated,herself,The wives near the girl dedicated herself . <eos>,The wives near the girl dedicated herself .
72,simple,local,c-command,1,a,distractor,number,girl,wives,dedicated,herself,The girl near the wives dedicated herself . <eos>,The girl near the wives dedicated herself .
72,simple,local,c-command,1,b,distractor,number,wife,girls,dedicated,herself,The wife near the girls dedicated herself . <eos>,The wife near the girls dedicated herself .
73,simple,local,c-command,1,a,none,none,girl,wife,declared,herself,The girl near the wife declared herself . <eos>,The girl near the wife declared herself .
73,simple,local,c-command,1,b,none,none,wife,girl,declared,herself,The wife near the girl declared herself . <eos>,The wife near the girl declared herself .
73,simple,local,no-c-command,0,a,head,number,girls,wife,declared,herself,The girls near the wife declared herself . <eos>,The girls near the wife declared herself .
73,simple,local,no-c-command,0,b,head,number,wives,girl,declared,herself,The wives near the girl declared herself . <eos>,The wives near the girl declared herself .
73,simple,local,c-command,1,a,distractor,number,girl,wives,declared,herself,The girl near the wives declared herself . <eos>,The girl near the wives declared herself .
73,simple,local,c-command,1,b,distractor,number,wife,girls,declared,herself,The wife near the girls declared herself . <eos>,The wife near the girls declared herself .
74,simple,local,c-command,1,a,none,none,girl,wife,proved,herself,The girl near the wife proved herself . <eos>,The girl near the wife proved herself .
74,simple,local,c-command,1,b,none,none,wife,girl,proved,herself,The wife near the girl proved herself . <eos>,The wife near the girl proved herself .
74,simple,local,no-c-command,0,a,head,number,girls,wife,proved,herself,The girls near the wife proved herself . <eos>,The girls near the wife proved herself .
74,simple,local,no-c-command,0,b,head,number,wives,girl,proved,herself,The wives near the girl proved herself . <eos>,The wives near the girl proved herself .
74,simple,local,c-command,1,a,distractor,number,girl,wives,proved,herself,The girl near the wives proved herself . <eos>,The girl near the wives proved herself .
74,simple,local,c-command,1,b,distractor,number,wife,girls,proved,herself,The wife near the girls proved herself . <eos>,The wife near the girls proved herself .
75,simple,local,c-command,1,a,none,none,girl,wife,shot,herself,The girl near the wife shot herself . <eos>,The girl near the wife shot herself .
75,simple,local,c-command,1,b,none,none,wife,girl,shot,herself,The wife near the girl shot herself . <eos>,The wife near the girl shot herself .
75,simple,local,no-c-command,0,a,head,number,girls,wife,shot,herself,The girls near the wife shot herself . <eos>,The girls near the wife shot herself .
75,simple,local,no-c-command,0,b,head,number,wives,girl,shot,herself,The wives near the girl shot herself . <eos>,The wives near the girl shot herself .
75,simple,local,c-command,1,a,distractor,number,girl,wives,shot,herself,The girl near the wives shot herself . <eos>,The girl near the wives shot herself .
75,simple,local,c-command,1,b,distractor,number,wife,girls,shot,herself,The wife near the girls shot herself . <eos>,The wife near the girls shot herself .
