item,clause_type,locality,grammatical,counterbalance,mismatch_position,mismatch_feature,head_noun,distractor_noun,verb,pronoun,sentence,sentence_no_eos
1,embed,local,1,a,none,none,girl,mother,saw,herself,The girl said that the mother saw herself . <eos>,The girl said that the mother saw herself .
1,embed,local,1,b,none,none,mother,girl,saw,herself,The mother said that the girl saw herself . <eos>,The mother said that the girl saw herself .
1,embed,local,1,a,nonlocal_subj,number,girls,mother,saw,herself,The girls said that the mother saw herself . <eos>,The girls said that the mother saw herself .
1,embed,local,1,b,nonlocal_subj,number,mothers,girl,saw,herself,The mothers said that the girl saw herself . <eos>,The mothers said that the girl saw herself .
1,embed,nonlocal,0,a,local_subj,number,girl,mothers,saw,herself,The girl said that the mothers saw herself . <eos>,The girl said that the mothers saw herself .
1,embed,nonlocal,0,b,local_subj,number,mother,girls,saw,herself,The mother said that the girls saw herself . <eos>,The mother said that the girls saw herself .
2,embed,local,1,a,none,none,girl,mother,established,herself,The girl said that the mother established herself . <eos>,The girl said that the mother established herself .
2,embed,local,1,b,none,none,mother,girl,established,herself,The mother said that the girl established herself . <eos>,The mother said that the girl established herself .
2,embed,local,1,a,nonlocal_subj,number,girls,mother,established,herself,The girls said that the mother established herself . <eos>,The girls said that the mother established herself .
2,embed,local,1,b,nonlocal_subj,number,mothers,girl,established,herself,The mothers said that the girl established herself . <eos>,The mothers said that the girl established herself .
2,embed,nonlocal,0,a,local_subj,number,girl,mothers,established,herself,The girl said that the mothers established herself . <eos>,The girl said that the mothers established herself .
2,embed,nonlocal,0,b,local_subj,number,mother,girls,established,herself,The mother said that the girls established herself . <eos>,The mother said that the girls established herself .
3,embed,local,1,a,none,none,girl,mother,devoted,herself,The girl said that the mother devoted herself . <eos>,The girl said that the mother devoted herself .
3,embed,local,1,b,none,none,mother,girl,devoted,herself,The mother said that the girl devoted herself . <eos>,The mother said that the girl devoted herself .
3,embed,local,1,a,nonlocal_subj,number,girls,mother,devoted,herself,The girls said that the mother devoted herself . <eos>,The girls said that the mother devoted herself .
3,embed,local,1,b,nonlocal_subj,number,mothers,girl,devoted,herself,The mothers said that the girl devoted herself . <eos>,The mothers said that the girl devoted herself .
3,embed,nonlocal,0,a,local_subj,number,girl,mothers,devoted,herself,The girl said that the mothers devoted herself . <eos>,The girl said that the mothers devoted herself .
3,embed,nonlocal,0,b,local_subj,number,mother,girls,devoted,herself,The mother said that the girls devoted herself . <eos>,The mother said that the girls devoted herself .
4,embed,local,1,a,none,none,girl,mother,considered,herself,The girl said that the mother considered herself . <eos>,The girl said that the mother considered herself .
4,embed,local,1,b,none,none,mother,girl,considered,herself,The mother said that the girl considered herself . <eos>,The mother said that the girl considered herself .
4,embed,local,1,a,nonlocal_subj,number,girls,mother,considered,herself,The girls said that the mother considered herself . <eos>,The girls said that the mother considered herself .
4,embed,local,1,b,nonlocal_subj,number,mothers,girl,considered,herself,The mothers said that the girl considered herself . <eos>,The mothers said that the girl considered herself .
4,embed,nonlocal,0,a,local_subj,number,girl,mothers,considered,herself,The girl said that the mothers considered herself . <eos>,The girl said that the mothers considered herself .
4,embed,nonlocal,0,b,local_subj,number,mother,girls,considered,herself,The mother said that the girls considered herself . <eos>,The mother said that the girls considered herself .
5,embed,local,1,a,none,none,girl,mother,identified,herself,The girl said that the mother identified herself . <eos>,The girl said that the mother identified herself .
5,embed,local,1,b,none,none,mother,girl,identified,herself,The mother said that the girl identified herself . <eos>,The mother said that the girl identified herself .
5,embed,local,1,a,nonlocal_subj,number,girls,mother,identified,herself,The girls said that the mother identified herself . <eos>,The girls said that the mother identified herself .
5,embed,local,1,b,nonlocal_subj,number,mothers,girl,identified,herself,The mothers said that the girl identified herself . <eos>,The mothers said that the girl identified herself .
5,embed,nonlocal,0,a,local_subj,number,girl,mothers,identified,herself,The girl said that the mothers identified herself . <eos>,The girl said that the mothers identified herself .
5,embed,nonlocal,0,b,local_subj,number,mother,girls,identified,herself,The mother said that the girls identified herself . <eos>,The mother said that the girls identified herself .
6,embed,local,1,a,none,none,girl,mother,made,herself,The girl said that the mother made herself . <eos>,The girl said that the mother made herself .
6,embed,local,1,b,none,none,mother,girl,made,herself,The mother said that the girl made herself . <eos>,The mother said that the girl made herself .
6,embed,local,1,a,nonlocal_subj,number,girls,mother,made,herself,The girls said that the mother made herself . <eos>,The girls said that the mother made herself .
6,embed,local,1,b,nonlocal_subj,number,mothers,girl,made,herself,The mothers said that the girl made herself . <eos>,The mothers said that the girl made herself .
6,embed,nonlocal,0,a,local_subj,number,girl,mothers,made,herself,The girl said that the mothers made herself . <eos>,The girl said that the mothers made herself .
6,embed,nonlocal,0,b,local_subj,number,mother,girls,made,herself,The mother said that the girls made herself . <eos>,The mother said that the girls made herself .
7,embed,local,1,a,none,none,girl,mother,found,herself,The girl said that the mother found herself . <eos>,The girl said that the mother found herself .
7,embed,local,1,b,none,none,mother,girl,found,herself,The mother said that the girl found herself . <eos>,The mother said that the girl found herself .
7,embed,local,1,a,nonlocal_subj,number,girls,mother,found,herself,The girls said that the mother found herself . <eos>,The girls said that the mother found herself .
7,embed,local,1,b,nonlocal_subj,number,mothers,girl,found,herself,The mothers said that the girl found herself . <eos>,The mothers said that the girl found herself .
7,embed,nonlocal,0,a,local_subj,number,girl,mothers,found,herself,The girl said that the mothers found herself . <eos>,The girl said that the mothers found herself .
7,embed,nonlocal,0,b,local_subj,number,mother,girls,found,herself,The mother said that the girls found herself . <eos>,The mother said that the girls found herself .
8,embed,local,1,a,none,none,girl,mother,distinguished,herself,The girl said that the mother distinguished herself . <eos>,The girl said that the mother distinguished herself .
8,embed,local,1,b,none,none,mother,girl,distinguished,herself,The mother said that the girl distinguished herself . <eos>,The mother said that the girl distinguished herself .
8,embed,local,1,a,nonlocal_subj,number,girls,mother,distinguished,herself,The girls said that the mother distinguished herself . <eos>,The girls said that the mother distinguished herself .
8,embed,local,1,b,nonlocal_subj,number,mothers,girl,distinguished,herself,The mothers said that the girl distinguished herself . <eos>,The mothers said that the girl distinguished herself .
8,embed,nonlocal,0,a,local_subj,number,girl,mothers,distinguished,herself,The girl said that the mothers distinguished herself . <eos>,The girl said that the mothers distinguished herself .
8,embed,nonlocal,0,b,local_subj,number,mother,girls,distinguished,herself,The mother said that the girls distinguished herself . <eos>,The mother said that the girls distinguished herself .
9,embed,local,1,a,none,none,girl,mother,taught,herself,The girl said that the mother taught herself . <eos>,The girl said that the mother taught herself .
9,embed,local,1,b,none,none,mother,girl,taught,herself,The mother said that the girl taught herself . <eos>,The mother said that the girl taught herself .
9,embed,local,1,a,nonlocal_subj,number,girls,mother,taught,herself,The girls said that the mother taught herself . <eos>,The girls said that the mother taught herself .
9,embed,local,1,b,nonlocal_subj,number,mothers,girl,taught,herself,The mothers said that the girl taught herself . <eos>,The mothers said that the girl taught herself .
9,embed,nonlocal,0,a,local_subj,number,girl,mothers,taught,herself,The girl said that the mothers taught herself . <eos>,The girl said that the mothers taught herself .
9,embed,nonlocal,0,b,local_subj,number,mother,girls,taught,herself,The mother said that the girls taught herself . <eos>,The mother said that the girls taught herself .
10,embed,local,1,a,none,none,girl,mother,killed,herself,The girl said that the mother killed herself . <eos>,The girl said that the mother killed herself .
10,embed,local,1,b,none,none,mother,girl,killed,herself,The mother said that the girl killed herself . <eos>,The mother said that the girl killed herself .
10,embed,local,1,a,nonlocal_subj,number,girls,mother,killed,herself,The girls said that the mother killed herself . <eos>,The girls said that the mother killed herself .
10,embed,local,1,b,nonlocal_subj,number,mothers,girl,killed,herself,The mothers said that the girl killed herself . <eos>,The mothers said that the girl killed herself .
10,embed,nonlocal,0,a,local_subj,number,girl,mothers,killed,herself,The girl said that the mothers killed herself . <eos>,The girl said that the mothers killed herself .
10,embed,nonlocal,0,b,local_subj,number,mother,girls,killed,herself,The mother said that the girls killed herself . <eos>,The mother said that the girls killed herself .
11,embed,local,1,a,none,none,girl,mother,called,herself,The girl said that the mother called herself . <eos>,The girl said that the mother called herself .
11,embed,local,1,b,none,none,mother,girl,called,herself,The mother said that the girl called herself . <eos>,The mother said that the girl called herself .
11,embed,local,1,a,nonlocal_subj,number,girls,mother,called,herself,The girls said that the mother called herself . <eos>,The girls said that the mother called herself .
11,embed,local,1,b,nonlocal_subj,number,mothers,girl,called,herself,The mothers said that the girl called herself . <eos>,The mothers said that the girl called herself .
11,embed,nonlocal,0,a,local_subj,number,girl,mothers,called,herself,The girl said that the mothers called herself . <eos>,The girl said that the mothers called herself .
11,embed,nonlocal,0,b,local_subj,number,mother,girls,called,herself,The mother said that the girls called herself . <eos>,The mother said that the girls called herself .
12,embed,local,1,a,none,none,girl,mother,dedicated,herself,The girl said that the mother dedicated herself . <eos>,The girl said that the mother dedicated herself .
12,embed,local,1,b,none,none,mother,girl,dedicated,herself,The mother said that the girl dedicated herself . <eos>,The mother said that the girl dedicated herself .
12,embed,local,1,a,nonlocal_subj,number,girls,mother,dedicated,herself,The girls said that the mother dedicated herself . <eos>,The girls said that the mother dedicated herself .
12,embed,local,1,b,nonlocal_subj,number,mothers,girl,dedicated,herself,The mothers said that the girl dedicated herself . <eos>,The mothers said that the girl dedicated herself .
12,embed,nonlocal,0,a,local_subj,number,girl,mothers,dedicated,herself,The girl said that the mothers dedicated herself . <eos>,The girl said that the mothers dedicated herself .
12,embed,nonlocal,0,b,local_subj,number,mother,girls,dedicated,herself,The mother said that the girls dedicated herself . <eos>,The mother said that the girls dedicated herself .
13,embed,local,1,a,none,none,girl,mother,declared,herself,The girl said that the mother declared herself . <eos>,The girl said that the mother declared herself .
13,embed,local,1,b,none,none,mother,girl,declared,herself,The mother said that the girl declared herself . <eos>,The mother said that the girl declared herself .
13,embed,local,1,a,nonlocal_subj,number,girls,mother,declared,herself,The girls said that the mother declared herself . <eos>,The girls said that the mother declared herself .
13,embed,local,1,b,nonlocal_subj,number,mothers,girl,declared,herself,The mothers said that the girl declared herself . <eos>,The mothers said that the girl declared herself .
13,embed,nonlocal,0,a,local_subj,number,girl,mothers,declared,herself,The girl said that the mothers declared herself . <eos>,The girl said that the mothers declared herself .
13,embed,nonlocal,0,b,local_subj,number,mother,girls,declared,herself,The mother said that the girls declared herself . <eos>,The mother said that the girls declared herself .
14,embed,local,1,a,none,none,girl,mother,proved,herself,The girl said that the mother proved herself . <eos>,The girl said that the mother proved herself .
14,embed,local,1,b,none,none,mother,girl,proved,herself,The mother said that the girl proved herself . <eos>,The mother said that the girl proved herself .
14,embed,local,1,a,nonlocal_subj,number,girls,mother,proved,herself,The girls said that the mother proved herself . <eos>,The girls said that the mother proved herself .
14,embed,local,1,b,nonlocal_subj,number,mothers,girl,proved,herself,The mothers said that the girl proved herself . <eos>,The mothers said that the girl proved herself .
14,embed,nonlocal,0,a,local_subj,number,girl,mothers,proved,herself,The girl said that the mothers proved herself . <eos>,The girl said that the mothers proved herself .
14,embed,nonlocal,0,b,local_subj,number,mother,girls,proved,herself,The mother said that the girls proved herself . <eos>,The mother said that the girls proved herself .
15,embed,local,1,a,none,none,girl,mother,shot,herself,The girl said that the mother shot herself . <eos>,The girl said that the mother shot herself .
15,embed,local,1,b,none,none,mother,girl,shot,herself,The mother said that the girl shot herself . <eos>,The mother said that the girl shot herself .
15,embed,local,1,a,nonlocal_subj,number,girls,mother,shot,herself,The girls said that the mother shot herself . <eos>,The girls said that the mother shot herself .
15,embed,local,1,b,nonlocal_subj,number,mothers,girl,shot,herself,The mothers said that the girl shot herself . <eos>,The mothers said that the girl shot herself .
15,embed,nonlocal,0,a,local_subj,number,girl,mothers,shot,herself,The girl said that the mothers shot herself . <eos>,The girl said that the mothers shot herself .
15,embed,nonlocal,0,b,local_subj,number,mother,girls,shot,herself,The mother said that the girls shot herself . <eos>,The mother said that the girls shot herself .
16,embed,local,1,a,none,none,girl,daughter,saw,herself,The girl said that the daughter saw herself . <eos>,The girl said that the daughter saw herself .
16,embed,local,1,b,none,none,daughter,girl,saw,herself,The daughter said that the girl saw herself . <eos>,The daughter said that the girl saw herself .
16,embed,local,1,a,nonlocal_subj,number,girls,daughter,saw,herself,The girls said that the daughter saw herself . <eos>,The girls said that the daughter saw herself .
16,embed,local,1,b,nonlocal_subj,number,daughters,girl,saw,herself,The daughters said that the girl saw herself . <eos>,The daughters said that the girl saw herself .
16,embed,nonlocal,0,a,local_subj,number,girl,daughters,saw,herself,The girl said that the daughters saw herself . <eos>,The girl said that the daughters saw herself .
16,embed,nonlocal,0,b,local_subj,number,daughter,girls,saw,herself,The daughter said that the girls saw herself . <eos>,The daughter said that the girls saw herself .
17,embed,local,1,a,none,none,girl,daughter,established,herself,The girl said that the daughter established herself . <eos>,The girl said that the daughter established herself .
17,embed,local,1,b,none,none,daughter,girl,established,herself,The daughter said that the girl established herself . <eos>,The daughter said that the girl established herself .
17,embed,local,1,a,nonlocal_subj,number,girls,daughter,established,herself,The girls said that the daughter established herself . <eos>,The girls said that the daughter established herself .
17,embed,local,1,b,nonlocal_subj,number,daughters,girl,established,herself,The daughters said that the girl established herself . <eos>,The daughters said that the girl established herself .
17,embed,nonlocal,0,a,local_subj,number,girl,daughters,established,herself,The girl said that the daughters established herself . <eos>,The girl said that the daughters established herself .
17,embed,nonlocal,0,b,local_subj,number,daughter,girls,established,herself,The daughter said that the girls established herself . <eos>,The daughter said that the girls established herself .
18,embed,local,1,a,none,none,girl,daughter,devoted,herself,The girl said that the daughter devoted herself . <eos>,The girl said that the daughter devoted herself .
18,embed,local,1,b,none,none,daughter,girl,devoted,herself,The daughter said that the girl devoted herself . <eos>,The daughter said that the girl devoted herself .
18,embed,local,1,a,nonlocal_subj,number,girls,daughter,devoted,herself,The girls said that the daughter devoted herself . <eos>,The girls said that the daughter devoted herself .
18,embed,local,1,b,nonlocal_subj,number,daughters,girl,devoted,herself,The daughters said that the girl devoted herself . <eos>,The daughters said that the girl devoted herself .
18,embed,nonlocal,0,a,local_subj,number,girl,daughters,devoted,herself,The girl said that the daughters devoted herself . <eos>,The girl said that the daughters devoted herself .
18,embed,nonlocal,0,b,local_subj,number,daughter,girls,devoted,herself,The daughter said that the girls devoted herself . <eos>,The daughter said that the girls devoted herself .
19,embed,local,1,a,none,none,girl,daughter,considered,herself,The girl said that the daughter considered herself . <eos>,The girl said that the daughter considered herself .
19,embed,local,1,b,none,none,daughter,girl,considered,herself,The daughter said that the girl considered herself . <eos>,The daughter said that the girl considered herself .
19,embed,local,1,a,nonlocal_subj,number,girls,daughter,considered,herself,The girls said that the daughter considered herself . <eos>,The girls said that the daughter considered herself .
19,embed,local,1,b,nonlocal_subj,number,daughters,girl,considered,herself,The daughters said that the girl considered herself . <eos>,The daughters said that the girl considered herself .
19,embed,nonlocal,0,a,local_subj,number,girl,daughters,considered,herself,The girl said that the daughters considered herself . <eos>,The girl said that the daughters considered herself .
19,embed,nonlocal,0,b,local_subj,number,daughter,girls,considered,herself,The daughter said that the girls considered herself . <eos>,The daughter said that the girls considered herself .
20,embed,local,1,a,none,none,girl,daughter,identified,herself,The girl said that the daughter identified herself . <eos>,The girl said that the daughter identified herself .
20,embed,local,1,b,none,none,daughter,girl,identified,herself,The daughter said that the girl identified herself . <eos>,The daughter said that the girl identified herself .
20,embed,local,1,a,nonlocal_subj,number,girls,daughter,identified,herself,The girls said that the daughter identified herself . <eos>,The girls said that the daughter identified herself .
20,embed,local,1,b,nonlocal_subj,number,daughters,girl,identified,herself,The daughters said that the girl identified herself . <eos>,The daughters said that the girl identified herself .
20,embed,nonlocal,0,a,local_subj,number,girl,daughters,identified,herself,The girl said that the daughters identified herself . <eos>,The girl said that the daughters identified herself .
20,embed,nonlocal,0,b,local_subj,number,daughter,girls,identified,herself,The daughter said that the girls identified herself . <eos>,The daughter said that the girls identified herself .
21,embed,local,1,a,none,none,girl,daughter,made,herself,The girl said that the daughter made herself . <eos>,The girl said that the daughter made herself .
21,embed,local,1,b,none,none,daughter,girl,made,herself,The daughter said that the girl made herself . <eos>,The daughter said that the girl made herself .
21,embed,local,1,a,nonlocal_subj,number,girls,daughter,made,herself,The girls said that the daughter made herself . <eos>,The girls said that the daughter made herself .
21,embed,local,1,b,nonlocal_subj,number,daughters,girl,made,herself,The daughters said that the girl made herself . <eos>,The daughters said that the girl made herself .
21,embed,nonlocal,0,a,local_subj,number,girl,daughters,made,herself,The girl said that the daughters made herself . <eos>,The girl said that the daughters made herself .
21,embed,nonlocal,0,b,local_subj,number,daughter,girls,made,herself,The daughter said that the girls made herself . <eos>,The daughter said that the girls made herself .
22,embed,local,1,a,none,none,girl,daughter,found,herself,The girl said that the daughter found herself . <eos>,The girl said that the daughter found herself .
22,embed,local,1,b,none,none,daughter,girl,found,herself,The daughter said that the girl found herself . <eos>,The daughter said that the girl found herself .
22,embed,local,1,a,nonlocal_subj,number,girls,daughter,found,herself,The girls said that the daughter found herself . <eos>,The girls said that the daughter found herself .
22,embed,local,1,b,nonlocal_subj,number,daughters,girl,found,herself,The daughters said that the girl found herself . <eos>,The daughters said that the girl found herself .
22,embed,nonlocal,0,a,local_subj,number,girl,daughters,found,herself,The girl said that the daughters found herself . <eos>,The girl said that the daughters found herself .
22,embed,nonlocal,0,b,local_subj,number,daughter,girls,found,herself,The daughter said that the girls found herself . <eos>,The daughter said that the girls found herself .
23,embed,local,1,a,none,none,girl,daughter,distinguished,herself,The girl said that the daughter distinguished herself . <eos>,The girl said that the daughter distinguished herself .
23,embed,local,1,b,none,none,daughter,girl,distinguished,herself,The daughter said that the girl distinguished herself . <eos>,The daughter said that the girl distinguished herself .
23,embed,local,1,a,nonlocal_subj,number,girls,daughter,distinguished,herself,The girls said that the daughter distinguished herself . <eos>,The girls said that the daughter distinguished herself .
23,embed,local,1,b,nonlocal_subj,number,daughters,girl,distinguished,herself,The daughters said that the girl distinguished herself . <eos>,The daughters said that the girl distinguished herself .
23,embed,nonlocal,0,a,local_subj,number,girl,daughters,distinguished,herself,The girl said that the daughters distinguished herself . <eos>,The girl said that the daughters distinguished herself .
23,embed,nonlocal,0,b,local_subj,number,daughter,girls,distinguished,herself,The daughter said that the girls distinguished herself . <eos>,The daughter said that the girls distinguished herself .
24,embed,local,1,a,none,none,girl,daughter,taught,herself,The girl said that the daughter taught herself . <eos>,The girl said that the daughter taught herself .
24,embed,local,1,b,none,none,daughter,girl,taught,herself,The daughter said that the girl taught herself . <eos>,The daughter said that the girl taught herself .
24,embed,local,1,a,nonlocal_subj,number,girls,daughter,taught,herself,The girls said that the daughter taught herself . <eos>,The girls said that the daughter taught herself .
24,embed,local,1,b,nonlocal_subj,number,daughters,girl,taught,herself,The daughters said that the girl taught herself . <eos>,The daughters said that the girl taught herself .
24,embed,nonlocal,0,a,local_subj,number,girl,daughters,taught,herself,The girl said that the daughters taught herself . <eos>,The girl said that the daughters taught herself .
24,embed,nonlocal,0,b,local_subj,number,daughter,girls,taught,herself,The daughter said that the girls taught herself . <eos>,The daughter said that the girls taught herself .
25,embed,local,1,a,none,none,girl,daughter,killed,herself,The girl said that the daughter killed herself . <eos>,The girl said that the daughter killed herself .
25,embed,local,1,b,none,none,daughter,girl,killed,herself,The daughter said that the girl killed herself . <eos>,The daughter said that the girl killed herself .
25,embed,local,1,a,nonlocal_subj,number,girls,daughter,killed,herself,The girls said that the daughter killed herself . <eos>,The girls said that the daughter killed herself .
25,embed,local,1,b,nonlocal_subj,number,daughters,girl,killed,herself,The daughters said that the girl killed herself . <eos>,The daughters said that the girl killed herself .
25,embed,nonlocal,0,a,local_subj,number,girl,daughters,killed,herself,The girl said that the daughters killed herself . <eos>,The girl said that the daughters killed herself .
25,embed,nonlocal,0,b,local_subj,number,daughter,girls,killed,herself,The daughter said that the girls killed herself . <eos>,The daughter said that the girls killed herself .
26,embed,local,1,a,none,none,girl,daughter,called,herself,The girl said that the daughter called herself . <eos>,The girl said that the daughter called herself .
26,embed,local,1,b,none,none,daughter,girl,called,herself,The daughter said that the girl called herself . <eos>,The daughter said that the girl called herself .
26,embed,local,1,a,nonlocal_subj,number,girls,daughter,called,herself,The girls said that the daughter called herself . <eos>,The girls said that the daughter called herself .
26,embed,local,1,b,nonlocal_subj,number,daughters,girl,called,herself,The daughters said that the girl called herself . <eos>,The daughters said that the girl called herself .
26,embed,nonlocal,0,a,local_subj,number,girl,daughters,called,herself,The girl said that the daughters called herself . <eos>,The girl said that the daughters called herself .
26,embed,nonlocal,0,b,local_subj,number,daughter,girls,called,herself,The daughter said that the girls called herself . <eos>,The daughter said that the girls called herself .
27,embed,local,1,a,none,none,girl,daughter,dedicated,herself,The girl said that the daughter dedicated herself . <eos>,The girl said that the daughter dedicated herself .
27,embed,local,1,b,none,none,daughter,girl,dedicated,herself,The daughter said that the girl dedicated herself . <eos>,The daughter said that the girl dedicated herself .
27,embed,local,1,a,nonlocal_subj,number,girls,daughter,dedicated,herself,The girls said that the daughter dedicated herself . <eos>,The girls said that the daughter dedicated herself .
27,embed,local,1,b,nonlocal_subj,number,daughters,girl,dedicated,herself,The daughters said that the girl dedicated herself . <eos>,The daughters said that the girl dedicated herself .
27,embed,nonlocal,0,a,local_subj,number,girl,daughters,dedicated,herself,The girl said that the daughters dedicated herself . <eos>,The girl said that the daughters dedicated herself .
27,embed,nonlocal,0,b,local_subj,number,daughter,girls,dedicated,herself,The daughter said that the girls dedicated herself . <eos>,The daughter said that the girls dedicated herself .
28,embed,local,1,a,none,none,girl,daughter,declared,herself,The girl said that the daughter declared herself . <eos>,The girl said that the daughter declared herself .
28,embed,local,1,b,none,none,daughter,girl,declared,herself,The daughter said that the girl declared herself . <eos>,The daughter said that the girl declared herself .
28,embed,local,1,a,nonlocal_subj,number,girls,daughter,declared,herself,The girls said that the daughter declared herself . <eos>,The girls said that the daughter declared herself .
28,embed,local,1,b,nonlocal_subj,number,daughters,girl,declared,herself,The daughters said that the girl declared herself . <eos>,The daughters said that the girl declared herself .
28,embed,nonlocal,0,a,local_subj,number,girl,daughters,declared,herself,The girl said that the daughters declared herself . <eos>,The girl said that the daughters declared herself .
28,embed,nonlocal,0,b,local_subj,number,daughter,girls,declared,herself,The daughter said that the girls declared herself . <eos>,The daughter said that the girls declared herself .
29,embed,local,1,a,none,none,girl,daughter,proved,herself,The girl said that the daughter proved herself . <eos>,The girl said that the daughter proved herself .
29,embed,local,1,b,none,none,daughter,girl,proved,herself,The daughter said that the girl proved herself . <eos>,The daughter said that the girl proved herself .
29,embed,local,1,a,nonlocal_subj,number,girls,daughter,proved,herself,The girls said that the daughter proved herself . <eos>,The girls said that the daughter proved herself .
29,embed,local,1,b,nonlocal_subj,number,daughters,girl,proved,herself,The daughters said that the girl proved herself . <eos>,The daughters said that the girl proved herself .
29,embed,nonlocal,0,a,local_subj,number,girl,daughters,proved,herself,The girl said that the daughters proved herself . <eos>,The girl said that the daughters proved herself .
29,embed,nonlocal,0,b,local_subj,number,daughter,girls,proved,herself,The daughter said that the girls proved herself . <eos>,The daughter said that the girls proved herself .
30,embed,local,1,a,none,none,girl,daughter,shot,herself,The girl said that the daughter shot herself . <eos>,The girl said that the daughter shot herself .
30,embed,local,1,b,none,none,daughter,girl,shot,herself,The daughter said that the girl shot herself . <eos>,The daughter said that the girl shot herself .
30,embed,local,1,a,nonlocal_subj,number,girls,daughter,shot,herself,The girls said that the daughter shot herself . <eos>,The girls said that the daughter shot herself .
30,embed,local,1,b,nonlocal_subj,number,daughters,girl,shot,herself,The daughters said that the girl shot herself . <eos>,The daughters said that the girl shot herself .
30,embed,nonlocal,0,a,local_subj,number,girl,daughters,shot,herself,The girl said that the daughters shot herself . <eos>,The girl said that the daughters shot herself .
30,embed,nonlocal,0,b,local_subj,number,daughter,girls,shot,herself,The daughter said that the girls shot herself . <eos>,The daughter said that the girls shot herself .
31,embed,local,1,a,none,none,girl,woman,saw,herself,The girl said that the woman saw herself . <eos>,The girl said that the woman saw herself .
31,embed,local,1,b,none,none,woman,girl,saw,herself,The woman said that the girl saw herself . <eos>,The woman said that the girl saw herself .
31,embed,local,1,a,nonlocal_subj,number,girls,woman,saw,herself,The girls said that the woman saw herself . <eos>,The girls said that the woman saw herself .
31,embed,local,1,b,nonlocal_subj,number,women,girl,saw,herself,The women said that the girl saw herself . <eos>,The women said that the girl saw herself .
31,embed,nonlocal,0,a,local_subj,number,girl,women,saw,herself,The girl said that the women saw herself . <eos>,The girl said that the women saw herself .
31,embed,nonlocal,0,b,local_subj,number,woman,girls,saw,herself,The woman said that the girls saw herself . <eos>,The woman said that the girls saw herself .
32,embed,local,1,a,none,none,girl,woman,established,herself,The girl said that the woman established herself . <eos>,The girl said that the woman established herself .
32,embed,local,1,b,none,none,woman,girl,established,herself,The woman said that the girl established herself . <eos>,The woman said that the girl established herself .
32,embed,local,1,a,nonlocal_subj,number,girls,woman,established,herself,The girls said that the woman established herself . <eos>,The girls said that the woman established herself .
32,embed,local,1,b,nonlocal_subj,number,women,girl,established,herself,The women said that the girl established herself . <eos>,The women said that the girl established herself .
32,embed,nonlocal,0,a,local_subj,number,girl,women,established,herself,The girl said that the women established herself . <eos>,The girl said that the women established herself .
32,embed,nonlocal,0,b,local_subj,number,woman,girls,established,herself,The woman said that the girls established herself . <eos>,The woman said that the girls established herself .
33,embed,local,1,a,none,none,girl,woman,devoted,herself,The girl said that the woman devoted herself . <eos>,The girl said that the woman devoted herself .
33,embed,local,1,b,none,none,woman,girl,devoted,herself,The woman said that the girl devoted herself . <eos>,The woman said that the girl devoted herself .
33,embed,local,1,a,nonlocal_subj,number,girls,woman,devoted,herself,The girls said that the woman devoted herself . <eos>,The girls said that the woman devoted herself .
33,embed,local,1,b,nonlocal_subj,number,women,girl,devoted,herself,The women said that the girl devoted herself . <eos>,The women said that the girl devoted herself .
33,embed,nonlocal,0,a,local_subj,number,girl,women,devoted,herself,The girl said that the women devoted herself . <eos>,The girl said that the women devoted herself .
33,embed,nonlocal,0,b,local_subj,number,woman,girls,devoted,herself,The woman said that the girls devoted herself . <eos>,The woman said that the girls devoted herself .
34,embed,local,1,a,none,none,girl,woman,considered,herself,The girl said that the woman considered herself . <eos>,The girl said that the woman considered herself .
34,embed,local,1,b,none,none,woman,girl,considered,herself,The woman said that the girl considered herself . <eos>,The woman said that the girl considered herself .
34,embed,local,1,a,nonlocal_subj,number,girls,woman,considered,herself,The girls said that the woman considered herself . <eos>,The girls said that the woman considered herself .
34,embed,local,1,b,nonlocal_subj,number,women,girl,considered,herself,The women said that the girl considered herself . <eos>,The women said that the girl considered herself .
34,embed,nonlocal,0,a,local_subj,number,girl,women,considered,herself,The girl said that the women considered herself . <eos>,The girl said that the women considered herself .
34,embed,nonlocal,0,b,local_subj,number,woman,girls,considered,herself,The woman said that the girls considered herself . <eos>,The woman said that the girls considered herself .
35,embed,local,1,a,none,none,girl,woman,identified,herself,The girl said that the woman identified herself . <eos>,The girl said that the woman identified herself .
35,embed,local,1,b,none,none,woman,girl,identified,herself,The woman said that the girl identified herself . <eos>,The woman said that the girl identified herself .
35,embed,local,1,a,nonlocal_subj,number,girls,woman,identified,herself,The girls said that the woman identified herself . <eos>,The girls said that the woman identified herself .
35,embed,local,1,b,nonlocal_subj,number,women,girl,identified,herself,The women said that the girl identified herself . <eos>,The women said that the girl identified herself .
35,embed,nonlocal,0,a,local_subj,number,girl,women,identified,herself,The girl said that the women identified herself . <eos>,The girl said that the women identified herself .
35,embed,nonlocal,0,b,local_subj,number,woman,girls,identified,herself,The woman said that the girls identified herself . <eos>,The woman said that the girls identified herself .
36,embed,local,1,a,none,none,girl,woman,made,herself,The girl said that the woman made herself . <eos>,The girl said that the woman made herself .
36,embed,local,1,b,none,none,woman,girl,made,herself,The woman said that the girl made herself . <eos>,The woman said that the girl made herself .
36,embed,local,1,a,nonlocal_subj,number,girls,woman,made,herself,The girls said that the woman made herself . <eos>,The girls said that the woman made herself .
36,embed,local,1,b,nonlocal_subj,number,women,girl,made,herself,The women said that the girl made herself . <eos>,The women said that the girl made herself .
36,embed,nonlocal,0,a,local_subj,number,girl,women,made,herself,The girl said that the women made herself . <eos>,The girl said that the women made herself .
36,embed,nonlocal,0,b,local_subj,number,woman,girls,made,herself,The woman said that the girls made herself . <eos>,The woman said that the girls made herself .
37,embed,local,1,a,none,none,girl,woman,found,herself,The girl said that the woman found herself . <eos>,The girl said that the woman found herself .
37,embed,local,1,b,none,none,woman,girl,found,herself,The woman said that the girl found herself . <eos>,The woman said that the girl found herself .
37,embed,local,1,a,nonlocal_subj,number,girls,woman,found,herself,The girls said that the woman found herself . <eos>,The girls said that the woman found herself .
37,embed,local,1,b,nonlocal_subj,number,women,girl,found,herself,The women said that the girl found herself . <eos>,The women said that the girl found herself .
37,embed,nonlocal,0,a,local_subj,number,girl,women,found,herself,The girl said that the women found herself . <eos>,The girl said that the women found herself .
37,embed,nonlocal,0,b,local_subj,number,woman,girls,found,herself,The woman said that the girls found herself . <eos>,The woman said that the girls found herself .
38,embed,local,1,a,none,none,girl,woman,distinguished,herself,The girl said that the woman distinguished herself . <eos>,The girl said that the woman distinguished herself .
38,embed,local,1,b,none,none,woman,girl,distinguished,herself,The woman said that the girl distinguished herself . <eos>,The woman said that the girl distinguished herself .
38,embed,local,1,a,nonlocal_subj,number,girls,woman,distinguished,herself,The girls said that the woman distinguished herself . <eos>,The girls said that the woman distinguished herself .
38,embed,local,1,b,nonlocal_subj,number,women,girl,distinguished,herself,The women said that the girl distinguished herself . <eos>,The women said that the girl distinguished herself .
38,embed,nonlocal,0,a,local_subj,number,girl,women,distinguished,herself,The girl said that the women distinguished herself . <eos>,The girl said that the women distinguished herself .
38,embed,nonlocal,0,b,local_subj,number,woman,girls,distinguished,herself,The woman said that the girls distinguished herself . <eos>,The woman said that the girls distinguished herself .
39,embed,local,1,a,none,none,girl,woman,taught,herself,The girl said that the woman taught herself . <eos>,The girl said that the woman taught herself .
39,embed,local,1,b,none,none,woman,girl,taught,herself,The woman said that the girl taught herself . <eos>,The woman said that the girl taught herself .
39,embed,local,1,a,nonlocal_subj,number,girls,woman,taught,herself,The girls said that the woman taught herself . <eos>,The girls said that the woman taught herself .
39,embed,local,1,b,nonlocal_subj,number,women,girl,taught,herself,The women said that the girl taught herself . <eos>,The women said that the girl taught herself .
39,embed,nonlocal,0,a,local_subj,number,girl,women,taught,herself,The girl said that the women taught herself . <eos>,The girl said that the women taught herself .
39,embed,nonlocal,0,b,local_subj,number,woman,girls,taught,herself,The woman said that the girls taught herself . <eos>,The woman said that the girls taught herself .
40,embed,local,1,a,none,none,girl,woman,killed,herself,The girl said that the woman killed herself . <eos>,The girl said that the woman killed herself .
40,embed,local,1,b,none,none,woman,girl,killed,herself,The woman said that the girl killed herself . <eos>,The woman said that the girl killed herself .
40,embed,local,1,a,nonlocal_subj,number,girls,woman,killed,herself,The girls said that the woman killed herself . <eos>,The girls said that the woman killed herself .
40,embed,local,1,b,nonlocal_subj,number,women,girl,killed,herself,The women said that the girl killed herself . <eos>,The women said that the girl killed herself .
40,embed,nonlocal,0,a,local_subj,number,girl,women,killed,herself,The girl said that the women killed herself . <eos>,The girl said that the women killed herself .
40,embed,nonlocal,0,b,local_subj,number,woman,girls,killed,herself,The woman said that the girls killed herself . <eos>,The woman said that the girls killed herself .
41,embed,local,1,a,none,none,girl,woman,called,herself,The girl said that the woman called herself . <eos>,The girl said that the woman called herself .
41,embed,local,1,b,none,none,woman,girl,called,herself,The woman said that the girl called herself . <eos>,The woman said that the girl called herself .
41,embed,local,1,a,nonlocal_subj,number,girls,woman,called,herself,The girls said that the woman called herself . <eos>,The girls said that the woman called herself .
41,embed,local,1,b,nonlocal_subj,number,women,girl,called,herself,The women said that the girl called herself . <eos>,The women said that the girl called herself .
41,embed,nonlocal,0,a,local_subj,number,girl,women,called,herself,The girl said that the women called herself . <eos>,The girl said that the women called herself .
41,embed,nonlocal,0,b,local_subj,number,woman,girls,called,herself,The woman said that the girls called herself . <eos>,The woman said that the girls called herself .
42,embed,local,1,a,none,none,girl,woman,dedicated,herself,The girl said that the woman dedicated herself . <eos>,The girl said that the woman dedicated herself .
42,embed,local,1,b,none,none,woman,girl,dedicated,herself,The woman said that the girl dedicated herself . <eos>,The woman said that the girl dedicated herself .
42,embed,local,1,a,nonlocal_subj,number,girls,woman,dedicated,herself,The girls said that the woman dedicated herself . <eos>,The girls said that the woman dedicated herself .
42,embed,local,1,b,nonlocal_subj,number,women,girl,dedicated,herself,The women said that the girl dedicated herself . <eos>,The women said that the girl dedicated herself .
42,embed,nonlocal,0,a,local_subj,number,girl,women,dedicated,herself,The girl said that the women dedicated herself . <eos>,The girl said that the women dedicated herself .
42,embed,nonlocal,0,b,local_subj,number,woman,girls,dedicated,herself,The woman said that the girls dedicated herself . <eos>,The woman said that the girls dedicated herself .
43,embed,local,1,a,none,none,girl,woman,declared,herself,The girl said that the woman declared herself . <eos>,The girl said that the woman declared herself .
43,embed,local,1,b,none,none,woman,girl,declared,herself,The woman said that the girl declared herself . <eos>,The woman said that the girl declared herself .
43,embed,local,1,a,nonlocal_subj,number,girls,woman,declared,herself,The girls said that the woman declared herself . <eos>,The girls said that the woman declared herself .
43,embed,local,1,b,nonlocal_subj,number,women,girl,declared,herself,The women said that the girl declared herself . <eos>,The women said that the girl declared herself .
43,embed,nonlocal,0,a,local_subj,number,girl,women,declared,herself,The girl said that the women declared herself . <eos>,The girl said that the women declared herself .
43,embed,nonlocal,0,b,local_subj,number,woman,girls,declared,herself,The woman said that the girls declared herself . <eos>,The woman said that the girls declared herself .
44,embed,local,1,a,none,none,girl,woman,proved,herself,The girl said that the woman proved herself . <eos>,The girl said that the woman proved herself .
44,embed,local,1,b,none,none,woman,girl,proved,herself,The woman said that the girl proved herself . <eos>,The woman said that the girl proved herself .
44,embed,local,1,a,nonlocal_subj,number,girls,woman,proved,herself,The girls said that the woman proved herself . <eos>,The girls said that the woman proved herself .
44,embed,local,1,b,nonlocal_subj,number,women,girl,proved,herself,The women said that the girl proved herself . <eos>,The women said that the girl proved herself .
44,embed,nonlocal,0,a,local_subj,number,girl,women,proved,herself,The girl said that the women proved herself . <eos>,The girl said that the women proved herself .
44,embed,nonlocal,0,b,local_subj,number,woman,girls,proved,herself,The woman said that the girls proved herself . <eos>,The woman said that the girls proved herself .
45,embed,local,1,a,none,none,girl,woman,shot,herself,The girl said that the woman shot herself . <eos>,The girl said that the woman shot herself .
45,embed,local,1,b,none,none,woman,girl,shot,herself,The woman said that the girl shot herself . <eos>,The woman said that the girl shot herself .
45,embed,local,1,a,nonlocal_subj,number,girls,woman,shot,herself,The girls said that the woman shot herself . <eos>,The girls said that the woman shot herself .
45,embed,local,1,b,nonlocal_subj,number,women,girl,shot,herself,The women said that the girl shot herself . <eos>,The women said that the girl shot herself .
45,embed,nonlocal,0,a,local_subj,number,girl,women,shot,herself,The girl said that the women shot herself . <eos>,The girl said that the women shot herself .
45,embed,nonlocal,0,b,local_subj,number,woman,girls,shot,herself,The woman said that the girls shot herself . <eos>,The woman said that the girls shot herself .
46,embed,local,1,a,none,none,girl,sister,saw,herself,The girl said that the sister saw herself . <eos>,The girl said that the sister saw herself .
46,embed,local,1,b,none,none,sister,girl,saw,herself,The sister said that the girl saw herself . <eos>,The sister said that the girl saw herself .
46,embed,local,1,a,nonlocal_subj,number,girls,sister,saw,herself,The girls said that the sister saw herself . <eos>,The girls said that the sister saw herself .
46,embed,local,1,b,nonlocal_subj,number,sisters,girl,saw,herself,The sisters said that the girl saw herself . <eos>,The sisters said that the girl saw herself .
46,embed,nonlocal,0,a,local_subj,number,girl,sisters,saw,herself,The girl said that the sisters saw herself . <eos>,The girl said that the sisters saw herself .
46,embed,nonlocal,0,b,local_subj,number,sister,girls,saw,herself,The sister said that the girls saw herself . <eos>,The sister said that the girls saw herself .
47,embed,local,1,a,none,none,girl,sister,established,herself,The girl said that the sister established herself . <eos>,The girl said that the sister established herself .
47,embed,local,1,b,none,none,sister,girl,established,herself,The sister said that the girl established herself . <eos>,The sister said that the girl established herself .
47,embed,local,1,a,nonlocal_subj,number,girls,sister,established,herself,The girls said that the sister established herself . <eos>,The girls said that the sister established herself .
47,embed,local,1,b,nonlocal_subj,number,sisters,girl,established,herself,The sisters said that the girl established herself . <eos>,The sisters said that the girl established herself .
47,embed,nonlocal,0,a,local_subj,number,girl,sisters,established,herself,The girl said that the sisters established herself . <eos>,The girl said that the sisters established herself .
47,embed,nonlocal,0,b,local_subj,number,sister,girls,established,herself,The sister said that the girls established herself . <eos>,The sister said that the girls established herself .
48,embed,local,1,a,none,none,girl,sister,devoted,herself,The girl said that the sister devoted herself . <eos>,The girl said that the sister devoted herself .
48,embed,local,1,b,none,none,sister,girl,devoted,herself,The sister said that the girl devoted herself . <eos>,The sister said that the girl devoted herself .
48,embed,local,1,a,nonlocal_subj,number,girls,sister,devoted,herself,The girls said that the sister devoted herself . <eos>,The girls said that the sister devoted herself .
48,embed,local,1,b,nonlocal_subj,number,sisters,girl,devoted,herself,The sisters said that the girl devoted herself . <eos>,The sisters said that the girl devoted herself .
48,embed,nonlocal,0,a,local_subj,number,girl,sisters,devoted,herself,The girl said that the sisters devoted herself . <eos>,The girl said that the sisters devoted herself .
48,embed,nonlocal,0,b,local_subj,number,sister,girls,devoted,herself,The sister said that the girls devoted herself . <eos>,The sister said that the girls devoted herself .
49,embed,local,1,a,none,none,girl,sister,considered,herself,The girl said that the sister considered herself . <eos>,The girl said that the sister considered herself .
49,embed,local,1,b,none,none,sister,girl,considered,herself,The sister said that the girl considered herself . <eos>,The sister said that the girl considered herself .
49,embed,local,1,a,nonlocal_subj,number,girls,sister,considered,herself,The girls said that the sister considered herself . <eos>,The girls said that the sister considered herself .
49,embed,local,1,b,nonlocal_subj,number,sisters,girl,considered,herself,The sisters said that the girl considered herself . <eos>,The sisters said that the girl considered herself .
49,embed,nonlocal,0,a,local_subj,number,girl,sisters,considered,herself,The girl said that the sisters considered herself . <eos>,The girl said that the sisters considered herself .
49,embed,nonlocal,0,b,local_subj,number,sister,girls,considered,herself,The sister said that the girls considered herself . <eos>,The sister said that the girls considered herself .
50,embed,local,1,a,none,none,girl,sister,identified,herself,The girl said that the sister identified herself . <eos>,The girl said that the sister identified herself .
50,embed,local,1,b,none,none,sister,girl,identified,herself,The sister said that the girl identified herself . <eos>,The sister said that the girl identified herself .
50,embed,local,1,a,nonlocal_subj,number,girls,sister,identified,herself,The girls said that the sister identified herself . <eos>,The girls said that the sister identified herself .
50,embed,local,1,b,nonlocal_subj,number,sisters,girl,identified,herself,The sisters said that the girl identified herself . <eos>,The sisters said that the girl identified herself .
50,embed,nonlocal,0,a,local_subj,number,girl,sisters,identified,herself,The girl said that the sisters identified herself . <eos>,The girl said that the sisters identified herself .
50,embed,nonlocal,0,b,local_subj,number,sister,girls,identified,herself,The sister said that the girls identified herself . <eos>,The sister said that the girls identified herself .
51,embed,local,1,a,none,none,girl,sister,made,herself,The girl said that the sister made herself . <eos>,The girl said that the sister made herself .
51,embed,local,1,b,none,none,sister,girl,made,herself,The sister said that the girl made herself . <eos>,The sister said that the girl made herself .
51,embed,local,1,a,nonlocal_subj,number,girls,sister,made,herself,The girls said that the sister made herself . <eos>,The girls said that the sister made herself .
51,embed,local,1,b,nonlocal_subj,number,sisters,girl,made,herself,The sisters said that the girl made herself . <eos>,The sisters said that the girl made herself .
51,embed,nonlocal,0,a,local_subj,number,girl,sisters,made,herself,The girl said that the sisters made herself . <eos>,The girl said that the sisters made herself .
51,embed,nonlocal,0,b,local_subj,number,sister,girls,made,herself,The sister said that the girls made herself . <eos>,The sister said that the girls made herself .
52,embed,local,1,a,none,none,girl,sister,found,herself,The girl said that the sister found herself . <eos>,The girl said that the sister found herself .
52,embed,local,1,b,none,none,sister,girl,found,herself,The sister said that the girl found herself . <eos>,The sister said that the girl found herself .
52,embed,local,1,a,nonlocal_subj,number,girls,sister,found,herself,The girls said that the sister found herself . <eos>,The girls said that the sister found herself .
52,embed,local,1,b,nonlocal_subj,number,sisters,girl,found,herself,The sisters said that the girl found herself . <eos>,The sisters said that the girl found herself .
52,embed,nonlocal,0,a,local_subj,number,girl,sisters,found,herself,The girl said that the sisters found herself . <eos>,The girl said that the sisters found herself .
52,embed,nonlocal,0,b,local_subj,number,sister,girls,found,herself,The sister said that the girls found herself . <eos>,The sister said that the girls found herself .
53,embed,local,1,a,none,none,girl,sister,distinguished,herself,The girl said that the sister distinguished herself . <eos>,The girl said that the sister distinguished herself .
53,embed,local,1,b,none,none,sister,girl,distinguished,herself,The sister said that the girl distinguished herself . <eos>,The sister said that the girl distinguished herself .
53,embed,local,1,a,nonlocal_subj,number,girls,sister,distinguished,herself,The girls said that the sister distinguished herself . <eos>,The girls said that the sister distinguished herself .
53,embed,local,1,b,nonlocal_subj,number,sisters,girl,distinguished,herself,The sisters said that the girl distinguished herself . <eos>,The sisters said that the girl distinguished herself .
53,embed,nonlocal,0,a,local_subj,number,girl,sisters,distinguished,herself,The girl said that the sisters distinguished herself . <eos>,The girl said that the sisters distinguished herself .
53,embed,nonlocal,0,b,local_subj,number,sister,girls,distinguished,herself,The sister said that the girls distinguished herself . <eos>,The sister said that the girls distinguished herself .
54,embed,local,1,a,none,none,girl,sister,taught,herself,The girl said that the sister taught herself . <eos>,The girl said that the sister taught herself .
54,embed,local,1,b,none,none,sister,girl,taught,herself,The sister said that the girl taught herself . <eos>,The sister said that the girl taught herself .
54,embed,local,1,a,nonlocal_subj,number,girls,sister,taught,herself,The girls said that the sister taught herself . <eos>,The girls said that the sister taught herself .
54,embed,local,1,b,nonlocal_subj,number,sisters,girl,taught,herself,The sisters said that the girl taught herself . <eos>,The sisters said that the girl taught herself .
54,embed,nonlocal,0,a,local_subj,number,girl,sisters,taught,herself,The girl said that the sisters taught herself . <eos>,The girl said that the sisters taught herself .
54,embed,nonlocal,0,b,local_subj,number,sister,girls,taught,herself,The sister said that the girls taught herself . <eos>,The sister said that the girls taught herself .
55,embed,local,1,a,none,none,girl,sister,killed,herself,The girl said that the sister killed herself . <eos>,The girl said that the sister killed herself .
55,embed,local,1,b,none,none,sister,girl,killed,herself,The sister said that the girl killed herself . <eos>,The sister said that the girl killed herself .
55,embed,local,1,a,nonlocal_subj,number,girls,sister,killed,herself,The girls said that the sister killed herself . <eos>,The girls said that the sister killed herself .
55,embed,local,1,b,nonlocal_subj,number,sisters,girl,killed,herself,The sisters said that the girl killed herself . <eos>,The sisters said that the girl killed herself .
55,embed,nonlocal,0,a,local_subj,number,girl,sisters,killed,herself,The girl said that the sisters killed herself . <eos>,The girl said that the sisters killed herself .
55,embed,nonlocal,0,b,local_subj,number,sister,girls,killed,herself,The sister said that the girls killed herself . <eos>,The sister said that the girls killed herself .
56,embed,local,1,a,none,none,girl,sister,called,herself,The girl said that the sister called herself . <eos>,The girl said that the sister called herself .
56,embed,local,1,b,none,none,sister,girl,called,herself,The sister said that the girl called herself . <eos>,The sister said that the girl called herself .
56,embed,local,1,a,nonlocal_subj,number,girls,sister,called,herself,The girls said that the sister called herself . <eos>,The girls said that the sister called herself .
56,embed,local,1,b,nonlocal_subj,number,sisters,girl,called,herself,The sisters said that the girl called herself . <eos>,The sisters said that the girl called herself .
56,embed,nonlocal,0,a,local_subj,number,girl,sisters,called,herself,The girl said that the sisters called herself . <eos>,The girl said that the sisters called herself .
56,embed,nonlocal,0,b,local_subj,number,sister,girls,called,herself,The sister said that the girls called herself . <eos>,The sister said that the girls called herself .
57,embed,local,1,a,none,none,girl,sister,dedicated,herself,The girl said that the sister dedicated herself . <eos>,The girl said that the sister dedicated herself .
57,embed,local,1,b,none,none,sister,girl,dedicated,herself,The sister said that the girl dedicated herself . <eos>,The sister said that the girl dedicated herself .
57,embed,local,1,a,nonlocal_subj,number,girls,sister,dedicated,herself,The girls said that the sister dedicated herself . <eos>,The girls said that the sister dedicated herself .
57,embed,local,1,b,nonlocal_subj,number,sisters,girl,dedicated,herself,The sisters said that the girl dedicated herself . <eos>,The sisters said that the girl dedicated herself .
57,embed,nonlocal,0,a,local_subj,number,girl,sisters,dedicated,herself,The girl said that the sisters dedicated herself . <eos>,The girl said that the sisters dedicated herself .
57,embed,nonlocal,0,b,local_subj,number,sister,girls,dedicated,herself,The sister said that the girls dedicated herself . <eos>,The sister said that the girls dedicated herself .
58,embed,local,1,a,none,none,girl,sister,declared,herself,The girl said that the sister declared herself . <eos>,The girl said that the sister declared herself .
58,embed,local,1,b,none,none,sister,girl,declared,herself,The sister said that the girl declared herself . <eos>,The sister said that the girl declared herself .
58,embed,local,1,a,nonlocal_subj,number,girls,sister,declared,herself,The girls said that the sister declared herself . <eos>,The girls said that the sister declared herself .
58,embed,local,1,b,nonlocal_subj,number,sisters,girl,declared,herself,The sisters said that the girl declared herself . <eos>,The sisters said that the girl declared herself .
58,embed,nonlocal,0,a,local_subj,number,girl,sisters,declared,herself,The girl said that the sisters declared herself . <eos>,The girl said that the sisters declared herself .
58,embed,nonlocal,0,b,local_subj,number,sister,girls,declared,herself,The sister said that the girls declared herself . <eos>,The sister said that the girls declared herself .
59,embed,local,1,a,none,none,girl,sister,proved,herself,The girl said that the sister proved herself . <eos>,The girl said that the sister proved herself .
59,embed,local,1,b,none,none,sister,girl,proved,herself,The sister said that the girl proved herself . <eos>,The sister said that the girl proved herself .
59,embed,local,1,a,nonlocal_subj,number,girls,sister,proved,herself,The girls said that the sister proved herself . <eos>,The girls said that the sister proved herself .
59,embed,local,1,b,nonlocal_subj,number,sisters,girl,proved,herself,The sisters said that the girl proved herself . <eos>,The sisters said that the girl proved herself .
59,embed,nonlocal,0,a,local_subj,number,girl,sisters,proved,herself,The girl said that the sisters proved herself . <eos>,The girl said that the sisters proved herself .
59,embed,nonlocal,0,b,local_subj,number,sister,girls,proved,herself,The sister said that the girls proved herself . <eos>,The sister said that the girls proved herself .
60,embed,local,1,a,none,none,girl,sister,shot,herself,The girl said that the sister shot herself . <eos>,The girl said that the sister shot herself .
60,embed,local,1,b,none,none,sister,girl,shot,herself,The sister said that the girl shot herself . <eos>,The sister said that the girl shot herself .
60,embed,local,1,a,nonlocal_subj,number,girls,sister,shot,herself,The girls said that the sister shot herself . <eos>,The girls said that the sister shot herself .
60,embed,local,1,b,nonlocal_subj,number,sisters,girl,shot,herself,The sisters said that the girl shot herself . <eos>,The sisters said that the girl shot herself .
60,embed,nonlocal,0,a,local_subj,number,girl,sisters,shot,herself,The girl said that the sisters shot herself . <eos>,The girl said that the sisters shot herself .
60,embed,nonlocal,0,b,local_subj,number,sister,girls,shot,herself,The sister said that the girls shot herself . <eos>,The sister said that the girls shot herself .
61,embed,local,1,a,none,none,girl,wife,saw,herself,The girl said that the wife saw herself . <eos>,The girl said that the wife saw herself .
61,embed,local,1,b,none,none,wife,girl,saw,herself,The wife said that the girl saw herself . <eos>,The wife said that the girl saw herself .
61,embed,local,1,a,nonlocal_subj,number,girls,wife,saw,herself,The girls said that the wife saw herself . <eos>,The girls said that the wife saw herself .
61,embed,local,1,b,nonlocal_subj,number,wives,girl,saw,herself,The wives said that the girl saw herself . <eos>,The wives said that the girl saw herself .
61,embed,nonlocal,0,a,local_subj,number,girl,wives,saw,herself,The girl said that the wives saw herself . <eos>,The girl said that the wives saw herself .
61,embed,nonlocal,0,b,local_subj,number,wife,girls,saw,herself,The wife said that the girls saw herself . <eos>,The wife said that the girls saw herself .
62,embed,local,1,a,none,none,girl,wife,established,herself,The girl said that the wife established herself . <eos>,The girl said that the wife established herself .
62,embed,local,1,b,none,none,wife,girl,established,herself,The wife said that the girl established herself . <eos>,The wife said that the girl established herself .
62,embed,local,1,a,nonlocal_subj,number,girls,wife,established,herself,The girls said that the wife established herself . <eos>,The girls said that the wife established herself .
62,embed,local,1,b,nonlocal_subj,number,wives,girl,established,herself,The wives said that the girl established herself . <eos>,The wives said that the girl established herself .
62,embed,nonlocal,0,a,local_subj,number,girl,wives,established,herself,The girl said that the wives established herself . <eos>,The girl said that the wives established herself .
62,embed,nonlocal,0,b,local_subj,number,wife,girls,established,herself,The wife said that the girls established herself . <eos>,The wife said that the girls established herself .
63,embed,local,1,a,none,none,girl,wife,devoted,herself,The girl said that the wife devoted herself . <eos>,The girl said that the wife devoted herself .
63,embed,local,1,b,none,none,wife,girl,devoted,herself,The wife said that the girl devoted herself . <eos>,The wife said that the girl devoted herself .
63,embed,local,1,a,nonlocal_subj,number,girls,wife,devoted,herself,The girls said that the wife devoted herself . <eos>,The girls said that the wife devoted herself .
63,embed,local,1,b,nonlocal_subj,number,wives,girl,devoted,herself,The wives said that the girl devoted herself . <eos>,The wives said that the girl devoted herself .
63,embed,nonlocal,0,a,local_subj,number,girl,wives,devoted,herself,The girl said that the wives devoted herself . <eos>,The girl said that the wives devoted herself .
63,embed,nonlocal,0,b,local_subj,number,wife,girls,devoted,herself,The wife said that the girls devoted herself . <eos>,The wife said that the girls devoted herself .
64,embed,local,1,a,none,none,girl,wife,considered,herself,The girl said that the wife considered herself . <eos>,The girl said that the wife considered herself .
64,embed,local,1,b,none,none,wife,girl,considered,herself,The wife said that the girl considered herself . <eos>,The wife said that the girl considered herself .
64,embed,local,1,a,nonlocal_subj,number,girls,wife,considered,herself,The girls said that the wife considered herself . <eos>,The girls said that the wife considered herself .
64,embed,local,1,b,nonlocal_subj,number,wives,girl,considered,herself,The wives said that the girl considered herself . <eos>,The wives said that the girl considered herself .
64,embed,nonlocal,0,a,local_subj,number,girl,wives,considered,herself,The girl said that the wives considered herself . <eos>,The girl said that the wives considered herself .
64,embed,nonlocal,0,b,local_subj,number,wife,girls,considered,herself,The wife said that the girls considered herself . <eos>,The wife said that the girls considered herself .
65,embed,local,1,a,none,none,girl,wife,identified,herself,The girl said that the wife identified herself . <eos>,The girl said that the wife identified herself .
65,embed,local,1,b,none,none,wife,girl,identified,herself,The wife said that the girl identified herself . <eos>,The wife said that the girl identified herself .
65,embed,local,1,a,nonlocal_subj,number,girls,wife,identified,herself,The girls said that the wife identified herself . <eos>,The girls said that the wife identified herself .
65,embed,local,1,b,nonlocal_subj,number,wives,girl,identified,herself,The wives said that the girl identified herself . <eos>,The wives said that the girl identified herself .
65,embed,nonlocal,0,a,local_subj,number,girl,wives,identified,herself,The girl said that the wives identified herself . <eos>,The girl said that the wives identified herself .
65,embed,nonlocal,0,b,local_subj,number,wife,girls,identified,herself,The wife said that the girls identified herself . <eos>,The wife said that the girls identified herself .
66,embed,local,1,a,none,none,girl,wife,made,herself,The girl said that the wife made herself . <eos>,The girl said that the wife made herself .
66,embed,local,1,b,none,none,wife,girl,made,herself,The wife said that the girl made herself . <eos>,The wife said that the girl made herself .
66,embed,local,1,a,nonlocal_subj,number,girls,wife,made,herself,The girls said that the wife made herself . <eos>,The girls said that the wife made herself .
66,embed,local,1,b,nonlocal_subj,number,wives,girl,made,herself,The wives said that the girl made herself . <eos>,The wives said that the girl made herself .
66,embed,nonlocal,0,a,local_subj,number,girl,wives,made,herself,The girl said that the wives made herself . <eos>,The girl said that the wives made herself .
66,embed,nonlocal,0,b,local_subj,number,wife,girls,made,herself,The wife said that the girls made herself . <eos>,The wife said that the girls made herself .
67,embed,local,1,a,none,none,girl,wife,found,herself,The girl said that the wife found herself . <eos>,The girl said that the wife found herself .
67,embed,local,1,b,none,none,wife,girl,found,herself,The wife said that the girl found herself . <eos>,The wife said that the girl found herself .
67,embed,local,1,a,nonlocal_subj,number,girls,wife,found,herself,The girls said that the wife found herself . <eos>,The girls said that the wife found herself .
67,embed,local,1,b,nonlocal_subj,number,wives,girl,found,herself,The wives said that the girl found herself . <eos>,The wives said that the girl found herself .
67,embed,nonlocal,0,a,local_subj,number,girl,wives,found,herself,The girl said that the wives found herself . <eos>,The girl said that the wives found herself .
67,embed,nonlocal,0,b,local_subj,number,wife,girls,found,herself,The wife said that the girls found herself . <eos>,The wife said that the girls found herself .
68,embed,local,1,a,none,none,girl,wife,distinguished,herself,The girl said that the wife distinguished herself . <eos>,The girl said that the wife distinguished herself .
68,embed,local,1,b,none,none,wife,girl,distinguished,herself,The wife said that the girl distinguished herself . <eos>,The wife said that the girl distinguished herself .
68,embed,local,1,a,nonlocal_subj,number,girls,wife,distinguished,herself,The girls said that the wife distinguished herself . <eos>,The girls said that the wife distinguished herself .
68,embed,local,1,b,nonlocal_subj,number,wives,girl,distinguished,herself,The wives said that the girl distinguished herself . <eos>,The wives said that the girl distinguished herself .
68,embed,nonlocal,0,a,local_subj,number,girl,wives,distinguished,herself,The girl said that the wives distinguished herself . <eos>,The girl said that the wives distinguished herself .
68,embed,nonlocal,0,b,local_subj,number,wife,girls,distinguished,herself,The wife said that the girls distinguished herself . <eos>,The wife said that the girls distinguished herself .
69,embed,local,1,a,none,none,girl,wife,taught,herself,The girl said that the wife taught herself . <eos>,The girl said that the wife taught herself .
69,embed,local,1,b,none,none,wife,girl,taught,herself,The wife said that the girl taught herself . <eos>,The wife said that the girl taught herself .
69,embed,local,1,a,nonlocal_subj,number,girls,wife,taught,herself,The girls said that the wife taught herself . <eos>,The girls said that the wife taught herself .
69,embed,local,1,b,nonlocal_subj,number,wives,girl,taught,herself,The wives said that the girl taught herself . <eos>,The wives said that the girl taught herself .
69,embed,nonlocal,0,a,local_subj,number,girl,wives,taught,herself,The girl said that the wives taught herself . <eos>,The girl said that the wives taught herself .
69,embed,nonlocal,0,b,local_subj,number,wife,girls,taught,herself,The wife said that the girls taught herself . <eos>,The wife said that the girls taught herself .
70,embed,local,1,a,none,none,girl,wife,killed,herself,The girl said that the wife killed herself . <eos>,The girl said that the wife killed herself .
70,embed,local,1,b,none,none,wife,girl,killed,herself,The wife said that the girl killed herself . <eos>,The wife said that the girl killed herself .
70,embed,local,1,a,nonlocal_subj,number,girls,wife,killed,herself,The girls said that the wife killed herself . <eos>,The girls said that the wife killed herself .
70,embed,local,1,b,nonlocal_subj,number,wives,girl,killed,herself,The wives said that the girl killed herself . <eos>,The wives said that the girl killed herself .
70,embed,nonlocal,0,a,local_subj,number,girl,wives,killed,herself,The girl said that the wives killed herself . <eos>,The girl said that the wives killed herself .
70,embed,nonlocal,0,b,local_subj,number,wife,girls,killed,herself,The wife said that the girls killed herself . <eos>,The wife said that the girls killed herself .
71,embed,local,1,a,none,none,girl,wife,called,herself,The girl said that the wife called herself . <eos>,The girl said that the wife called herself .
71,embed,local,1,b,none,none,wife,girl,called,herself,The wife said that the girl called herself . <eos>,The wife said that the girl called herself .
71,embed,local,1,a,nonlocal_subj,number,girls,wife,called,herself,The girls said that the wife called herself . <eos>,The girls said that the wife called herself .
71,embed,local,1,b,nonlocal_subj,number,wives,girl,called,herself,The wives said that the girl called herself . <eos>,The wives said that the girl called herself .
71,embed,nonlocal,0,a,local_subj,number,girl,wives,called,herself,The girl said that the wives called herself . <eos>,The girl said that the wives called herself .
71,embed,nonlocal,0,b,local_subj,number,wife,girls,called,herself,The wife said that the girls called herself . <eos>,The wife said that the girls called herself .
72,embed,local,1,a,none,none,girl,wife,dedicated,herself,The girl said that the wife dedicated herself . <eos>,The girl said that the wife dedicated herself .
72,embed,local,1,b,none,none,wife,girl,dedicated,herself,The wife said that the girl dedicated herself . <eos>,The wife said that the girl dedicated herself .
72,embed,local,1,a,nonlocal_subj,number,girls,wife,dedicated,herself,The girls said that the wife dedicated herself . <eos>,The girls said that the wife dedicated herself .
72,embed,local,1,b,nonlocal_subj,number,wives,girl,dedicated,herself,The wives said that the girl dedicated herself . <eos>,The wives said that the girl dedicated herself .
72,embed,nonlocal,0,a,local_subj,number,girl,wives,dedicated,herself,The girl said that the wives dedicated herself . <eos>,The girl said that the wives dedicated herself .
72,embed,nonlocal,0,b,local_subj,number,wife,girls,dedicated,herself,The wife said that the girls dedicated herself . <eos>,The wife said that the girls dedicated herself .
73,embed,local,1,a,none,none,girl,wife,declared,herself,The girl said that the wife declared herself . <eos>,The girl said that the wife declared herself .
73,embed,local,1,b,none,none,wife,girl,declared,herself,The wife said that the girl declared herself . <eos>,The wife said that the girl declared herself .
73,embed,local,1,a,nonlocal_subj,number,girls,wife,declared,herself,The girls said that the wife declared herself . <eos>,The girls said that the wife declared herself .
73,embed,local,1,b,nonlocal_subj,number,wives,girl,declared,herself,The wives said that the girl declared herself . <eos>,The wives said that the girl declared herself .
73,embed,nonlocal,0,a,local_subj,number,girl,wives,declared,herself,The girl said that the wives declared herself . <eos>,The girl said that the wives declared herself .
73,embed,nonlocal,0,b,local_subj,number,wife,girls,declared,herself,The wife said that the girls declared herself . <eos>,The wife said that the girls declared herself .
74,embed,local,1,a,none,none,girl,wife,proved,herself,The girl said that the wife proved herself . <eos>,The girl said that the wife proved herself .
74,embed,local,1,b,none,none,wife,girl,proved,herself,The wife said that the girl proved herself . <eos>,The wife said that the girl proved herself .
74,embed,local,1,a,nonlocal_subj,number,girls,wife,proved,herself,The girls said that the wife proved herself . <eos>,The girls said that the wife proved herself .
74,embed,local,1,b,nonlocal_subj,number,wives,girl,proved,herself,The wives said that the girl proved herself . <eos>,The wives said that the girl proved herself .
74,embed,nonlocal,0,a,local_subj,number,girl,wives,proved,herself,The girl said that the wives proved herself . <eos>,The girl said that the wives proved herself .
74,embed,nonlocal,0,b,local_subj,number,wife,girls,proved,herself,The wife said that the girls proved herself . <eos>,The wife said that the girls proved herself .
75,embed,local,1,a,none,none,girl,wife,shot,herself,The girl said that the wife shot herself . <eos>,The girl said that the wife shot herself .
75,embed,local,1,b,none,none,wife,girl,shot,herself,The wife said that the girl shot herself . <eos>,The wife said that the girl shot herself .
75,embed,local,1,a,nonlocal_subj,number,girls,wife,shot,herself,The girls said that the wife shot herself . <eos>,The girls said that the wife shot herself .
75,embed,local,1,b,nonlocal_subj,number,wives,girl,shot,herself,The wives said that the girl shot herself . <eos>,The wives said that the girl shot herself .
75,embed,nonlocal,0,a,local_subj,number,girl,wives,shot,herself,The girl said that the wives shot herself . <eos>,The girl said that the wives shot herself .
75,embed,nonlocal,0,b,local_subj,number,wife,girls,shot,herself,The wife said that the girls shot herself . <eos>,The wife said that the girls shot herself .